title,genre,artist,lyricist,musicComposer,views,metaphor,interpretation,lyrics
ආයෙමත් ආදරෙන්,['නව පොප්'],['ආත්මා ලියනගේ'],['රචිත වාකිෂ්ට'],['තිළිණ රුහුණුගේ'],1685,ඇත්තමයි නුඹ අහසක් වගේ මයි හිතුනා,හොඳ ගුණාංග ඇති පුද්ගලයා පිළිබඳ මූලික සංජානනය,පෙනෙන නොපෙනෙන දුරක ඉදන්\nනුඹ ඇවිත් හිත ලඟට හොරෙන්\nආවාට නොකියාම ජීවිතෙන්\nනවතින්න හිතුවාද ආයෙමත් ආදරෙන්\nදකින හිමිවන හීනේ නුඹ කොතැන හිටියා\nමතක සැමරුම් අතරේ ජීවිතය තිබුනා\nහඩන නිනැහෙන නෙත් නුඹේ උරහිසේ තිබුනා\nඇත්තමයි නුඹ අහසක් වගේ මයි හිතුනා\nනුහුරු නුපුරුදු හීන අරන්\nළඟට ඇවිදින් තුරුළු වෙමින්\nආවාට නොකියාම ජීවිතෙන්\nනවතින්න හිතුවාද ආයෙමත් ආදරෙන්\nමිරිඟුවක හිත තියලා නුඹ දුරක ඇදුනා\nරන්චු ගැහෙනා රෑනේ තනිකමක් දැනුනා\nඇසිල්ලක දුටු හීනෙන් හිත හුඟක් රිදුනා\nඅරුත නොදකින සෙනෙහේ ඔය නමත් රැඳුනා\n
එපා කඳුළැල් සලා,['නව පොප්'],['ආත්මා ලියනගේ'],['කුමාරි ලංකා'],['ආත්මා ලියනගේ'],4763,සියොත් කැල ගී ගයා සතපවයි ඔබේ සිත,පුද්ගලයාගේ හැඟීම් මත ශබ්දය ඇති කරන සන්සුන් බලපෑමක්,එපා කඳුළැල් සලා හඩන්නට ඔබේ නෙත\nමල් සුවඳ ගලා සිප ගනී ඔබේ රුව\nඑපා කඳුළැල් සලා හඩන්නට ඔබේ නෙත\nමල් සුවඳ ගලා සිප ගනී ඔබේ රුව\nඑපා සුසුමන් සලා රිදවන්න ඔබේ හද\nසියොත් කැල ගී ගයා සතපවයි ඔබේ සිත\nසතපවයි ඔබේ සිත\nආදර හැඟුමන් සලා මිරිඟුවක වෙලෙන්නෙපා\nඔබේ හද පුදසුනේ හිමි කුමරු එනතුරා\nහිමි කුමරු එනතුරා\n
දුවේ නුඹ මගෙ,"['සම්භාව්ය', 'ආශ්වාදජනකයි', 'නව පොප්']",['සුනිල් එදිරිසිංහ'],['බණ්ඩාර අහලියගොඩ'],['රෝහණ වීරසිංහ'],4508,මං මලක් ලෙස නුඹ නොහැදුවේ පෙති හැලී පරවෙන නිසාමයි,"සඳහන් කරනු ලබන පුද්ගලයා ශක්තිමත්, ඔරොත්තු දෙන, හෝ විඳදරාගැනීමේ හැකියාව ඇති අතර, ඔවුන්ගේ ගුණාංග හෝ ලක්ෂණ පහසුවෙන් අහිමි වීමට හෝ අත්හැරීමට නැඹුරු නොවේ",දුවේ නුඹ මගෙ ප්‍රාණයයි\nසැබෑ වුණ සුබ සිහිනයයි\nසෙනෙහසින් කුලගෙට පියනගන්නේ\nසනුහරේ අභිමානයයි\nමං මලක් ලෙස නුඹ නොහැදුවේ\nපෙති හැලී පරවෙන නිසාමයි\nදුක දිනා හිනැහෙන හැටි දුවේ\nනුඹ දැන උගත් පාඩම තමයි\nමිල මුදල නිල බල යා නොදෙයි\nමිල මුදල නිල බල යා නොදෙයි\nකළ හොඳම විතරක් ඉතිරිවෙයි\nකළ හොඳම විතරක් ඉතිරිවෙයි\nඅප මී මුතුන් මිත්තන් එදා\nසිය ලේ කඳුළු දහදිය පුදා\nපරපුරෙන් පරපුරට රැගෙන ආ\nඒ ගෞරවය මගෙ දුව තමා\nනුඹ යන්නෙ හිස් දෑතින් නොවේ\nනුඹ යන්නෙ හිස් දෑතින් නොවේ\nගෙනියන්නෙ ඒ අභිමානයයි\nගෙනියන්නෙ ඒ අභිමානයයි\n
ඈත වන පෙතින්,"['නව පොප්', 'ඉල්ලීම']",['අසංක ප්\u200dරියමන්ත'],['නොදන්නා'],['නොදන්නා'],1558,සඳ කවි කියනා වෙලේ මා හඬවන්නේ කවුරුදෝ,"ප්‍රබල හැඟීම්, විශේෂයෙන් දුක හෝ කඳුළු ඇති කිරීමට හැකියාව ඇති පුද්ගලයෙකු",ඈත වන පෙතින් දුර සීත කඳු මතින්\nඈත වන පෙතින් දුර සීත කඳු මතින්\nඉරබට තරුවේ සිනාසී\nදුක හිතෙනා හැන්දෑවක කවුරුද මට සිහිවෙන්නේ\nකවුරුද මට සිහිවෙන්නේ.\nගහම් තරු නදී තලයේ පහන් වළා ගිර සැඟවී\nසඳ කවි කියනා වෙලේ මා හඬවන්නේ කවුරුදෝ\nඅහිංසක හදින් නොකැළැල් මියුරු ප්‍රිය වදන් මට කී\nයුවතියකගෙ අතීතයේ මා ගොළුවන්නේ කුමටදෝ\n
ගංගා ජලේ,"['නව පොප්', 'ඉල්ලීම']",['සනත් නන්දසිරි'],['අජන්තා රණසිංහ'],['නිමල් ජයකොඩි'],631,ඔබ ඉන්නවානේ පියුමක් රනින් ගංගා ජලාසේ පිපුණා ලෙසින්,දුෂ්කර හෝ අභියෝගාත්මක තත්වයන් තිබියදීත් වර්ධනය වීමට හෝ සමෘද්ධිමත් වීමට ඇති හැකියාව,ගංගා ජලේ කින්නරා අංගනා\nනිල් ගං ජලේ හැංඟුනා\nඒ කින්නරා කවුරුදෝ ඔබ විනා\nමා මන් බැඳී රංජනා\nඔබ ඉන්නවානේ පියුමක් රනින්\nගංගා ජලාසේ පිපුණා ලෙසින්\nතෙත්වූ දුහුල් සළුවෙන් එතී\nඔය පංච පෙම් කල්‍යාණ රූ\nමගෙ දෑස ආශාවෙන් බන්දා තියා\nහිංසා කරන්නේ ඇයි රිදුවා හැඟුම්\nදිය බේරිලා සැලෙනා ඔබේ\nවරලේ අහෝ දැවටෙන්න හෝ\nමට වාසනා නැතිදෝ සඳ කින්නරී\nදුල්වන් රුවින් පිරිපුන් මන්දෝදරී\nගංගා ජලේ කින්නරා අංගනා\nනිල් ගං ජලේ හැංඟුනා\nඒ කින්නරා කවුරුදෝ ඔබ විනා\nමා මන් බැඳී රංජනා\nඔබ ඉන්නවානේ පියුමක් රනින්\nගංගා ජලාසේ පිපුණා ලෙසින්\nරූ ශ්‍රී ඔබේ මව මවා සිත් ලෙනේ\nමා තවුතිසා රාජ්‍යයේ\n
ගාට ගාට ඇවිදින්,['නව පොප්'],['දීපිකා ප්\u200dරියදර්ශනී'],['සුනිල් ආරියරත්න'],['රෝහණ වීරසිංහ'],1808,පහන් පැලක් වගේ ගෙපැල සුවඳ කරන්නම්,ප්‍රියජනක සුවඳක් නිවසකට ගෙන ඒම,ගාට ගාට ඇවිදින් ඇස් දෙක වහලා හිනාවෙන්න\nආදරේට කොනිත්තලා පෑල දොරින් පැන දුවන්න\nරෑට රෑට ඉහ ඉද්දර කොඳුර කොඳුර කවි කියන්න\nපාට පාට පන් පැදුරේ මටත් ටිකක් ඉඩ තියන්න\nහාල් ගරන්නත් පුළුවන් වතුර තියන්නත් පුළුවන්\nඇට්ටකුණා වෙන්නෙ නැතුව බතක් උයන්නම්\nහොදි ඒදන්නත් පුළුවන් කූරු ගාන්නත් පුළුවන්\nඅඩු ගානේ කිරි හොද්දක් හදල තියන්නම්\nමල් හිටවන්නත් පුළුවන් වල් ගලවන්නත් පුළුවන්\nපහන් පැලක් වගේ ගෙපැල සුවඳ කරන්නම්\nහොඳට අඬන්නත් පුළුවන් නාඬම ඉන්නත් පුළුවන්\nටික දොහකින් දරු පැටියෙක් තෑගි කරන්නම්\n
ගහක මල් පිපිලා,['නව පොප්'],['කරුණාරත්න දිවුල්ගනේ'],['යමුනා මාලනී පෙරේරා'],['ගුණදාස කපුගේ'],3614,සොදුරු වැස්සට දැවෙන කතරත්,සාමාන්‍යයෙන් කැමති හෝ ප්‍රසන්න දෙයක් වෙනත් දෙයක් තිබීම නිසා විනාශ වී හෝ නරක් වේ,ගහක මල් පිපිලා පිපෙන්නේ ඇයිද නොදන්නෙමී\nහිතක මල් පිපිලා පිපෙන්නේ ඇයිද නොදන්නෙමී\nනුඹට සිත බැඳුනේ කිමැයිමා තවම නොදන්නෙමි\nනුඹට සිත බැදි කාරණේ මා තවම සොයන්නෙමී\nකතරෙ වැලි කැට හිරුට පෙම්බැද\nඇතත් ලෝ දහමින්\nසොදුරු වැස්සට දැවෙන කතරත්\nආදරෙයි පණමෙන්\nලොවට නොපෙනෙන අරුම සෙනෙහස\nඒ වගෙයි මනරම් කරනුබැරි තහනම්\nසදට සදහට සෙනෙහෙ පෑමුත්\nඋදුල තරු කැටයම්\nහිරුටපෙම් බැදි එකම තරුවක්\nසිටිය නොහැකිද යම්\nනුඹට නොහැගෙන මගේ ප්රේුමය\nඒ වගේ මනරම් පුදුමවෙයි නුඹ නම්\n
දුර කතර ගෙවාගෙන,['නව පොප්'],['කරුණාරත්න දිවුල්ගනේ'],['රත්න ශ්\u200dරී විජේසිංහ'],['එච්.එම්.ජයවර්ධන'],1622,නුඹෙ මුහුණ පෙනුණේ මුළු අහසම පුරා,පුද්ගලයාගේ කැපී පෙනෙන පැමිණීම,දුර කතර ගෙවාගෙන\nමම නොකියම ආවට\nමට සමාවෙයන් බණ්ඩර මැණිකේ\nඅර බලන්න අර පුර හඳ අහසේ\nදුම් වලාකුළෙන් තරුකැට හැංගිලා\nනෙත් කොණින් බලා මට ඉඟි බිඟි කළා\nමට ඉන්නට බෑ කොළොම්තොටට වෙලා\nඋඹෙ කතා කරන දෑස මතක් වෙලා\nමහා මැදුරු උඩින් පුර හඳ පායලා\nනුඹෙ මුහුණ පෙනුණේ මුළු අහසම පුරා\nඒ සෙනෙහෙවන්ත කමට වහල් වෙලා\nමට ගම නෑවිත් ඉන්නට බැරිවුණා\n
දුර ඈත වුවද,"['සම්භාව්ය', 'නව පොප්']",['කරුණාරත්න දිවුල්ගනේ'],['යමුනා මාලනී පෙරේරා'],['රෝහණ වීරසිංහ'],1173,පුන්සඳ ලෙද කළුවර යහනේ,තත්වයට ආලෝකය හෝ පැහැදිලි බවක් ගෙන ඒමේ හැකියාව,දුර ඈත වුවද ගතිනා\nලඟ පාත නොවෙද සිතිනා\nඇලපාත මුදලි මං\nමද හාස නගන් ගජමන් නෝනා\nපුන්සඳ ලෙද කළුවර යහනේ\nපුන්සිසිවත කඳුළින් තෙමුනේ\nතහනම් ද සතුට ලදුනේ\nමේ දුකද සැපයි  නුඹෙ හිතට කැපයි\nමද හාස නගන් ගජමන් නෝනා\nරන් රස සේ ගැලපෙන සේමා\nදුන් රස කව් රස විද බෝමා\nනොබැදෙම් ද පෙමින් කෝමා\nඅමනාප කිමැයි  උදහාස කිමැයි\nමද හාස නගන් ගජමන් නෝනා\n
විසිරුනු මල් පෙති,['නව පොප්'],['අතුල අධිකාරි'],['බන්දුල නානායක්කාරවසම්'],['රෝහණ වීරසිංහ'],1924,වෙරළට කිසිදා දියඹ දකිනු හැකිදෝ,සාමාන්‍යයෙන් පෙනෙන හෝ ප්‍රවේශ විය හැකි දෙයක් දැකීමට හෝ ප්‍රවේශ වීමට නොහැකි ය,විසිරුනු මල් පෙති දෝතට ගත් කුමරි\nඒ පෙති එක් කර මලක් සොයන බොලඳි\nසරදම් නොකරමි ආදරයෙන් කියමි\nවිසිරුනු පෙති යලි මලක් නොවේ නැගණි\nවෙරළ සොයා රළ පෙළ දිව ආවත්\nවෙරළට කිසිදා දියඹ දකිනු හැකිදෝ\nබඳට පියාපත් යුවලක් ලැබුනත්\nඅහසේ දෙකලවර නුඹට දිනනු හැකිදෝ\n
දවසක් දා හැන්දෑවක,['නව පොප්'],['රූකාන්ත ගුණතිලක'],['රූකාන්ත ගුණතිලක'],['රූකාන්ත ගුණතිලක'],5151,රන් සමනල තටු මට ලැබෙන්නෙ නෑ ලූ,යමෙකුට කැමති දෙයක් සාක්ෂාත් කර ගැනීමට නොහැකි වේ,දවසක් දා හැන්දෑවක පොතක් බලන්නට සිතුනා\nහිතුවෙත් නෑ ඒ ජාමෙට ඔබව මතක් වෙයි කියලා\nඈ මගේ ගතේ හැඟුමන් පෙලා\nඈ මගේ සිතේ සක්මන් කලා\nමා දිහා බලා සුසුමන් සලා\nආදරෙයි කියා නොකියා ගියා\nකියා පොතේ ලියවී තිබුනා\nරේණු රේණු මල් මිටේ රේණු\nඈට පෙම් කරන්න මට බෑ ලූ\nරන් සමනල තටු මට ලැබෙන්නෙ නෑ ලූ\nරොන් පීරී සැලෙන්න මල් රේණූ\nසද වත දෝ මා දුටුවේ\nඔබෙ ගත දෝ මා දුටුවේ\nසිතුවම් දෝ මා දුටුවේ\nහැබහින් දෝ ඔබ දුටුවේ\n
දුහුල් මලක,['නව පොප්'],['නිරෝෂා විරාජිනී'],['කැළුම් ශ්\u200dරීමාල්'],['මහින්ද බණ්ඩාර'],184,ඒ කඳුළේ බලය තමයි මහවැළි ගඟ මැද්දේ දිය සුළියක් වුයේ,"ශක්තිමත් හෝ බලවත්, සහ සැලකිය යුතු බලපෑමක්",දුහුල් මලක මල් පෙත්තක එහා මෙහා පෙනෙන පරිදි\nසියුම්ව ලියුවා මං මගෙ පෙම් පණිවිඩය\nසමනලයෙක් අත එවුවා හම්බ උනාද\nබාරගන්න පරිස්සමින් තටු පොඩිනොකර\nමගෙ පෙම් පණිවිඩය\nහම්බ උනාදැයි කියලා ලියල එවන්න\nඔබ වෙනුවෙන් තවදුරටත් ජීවත්වෙන්න\nඔබට කැමතිවූ දවසේ දැනුනු හැඟුමෙ පාට තමයි\nදේදුන්නක් වෙලා දෑස් වෙත පාත්වුනේ\nඒ සතුටේ සුසුම තමයි නලමුදු සුවඳක්වී\nසිත තෙත මාත්තු කලේ\nඒ  බව හැඟෙනවනම් මට කියල එවන්න\nඒ ඇති මට ඔබ වෙනුවෙන් ජීවත් වෙන්න\nඔබ නික්මන් කල දවසේ උනපු කඳුළෙ තරම තමයි\nපොද වැස්සක් වෙලා පොළවට පාත්වුනේ\nඒ කඳුළේ බලය තමයි මහවැළි ගඟ මැද්දේ\nදිය සුළියක් වුයේ\nඒ  බව දැනුනානම් මට කියල එවන්න\nඒ ටික ඇති තවදුරටත් ජීවත් වෙන්න..\n
චන්ඩියා වෙලා,['නව පොප්'],['සමන් ද සිල්වා'],['නොදන්නා'],['නොදන්නා'],844,රජා වගේ අඩි හප්පල උජාරුවෙන් වැඩ පෙන්නල,කෙනෙකුගේ වැඩ හෝ ජයග්රහණ විශ්වාසයෙන් හෝ ආඩම්බරයෙන් ප්රදර්ශනය කිරීම,චන්ඩියා වෙලා එහෙම හිතපු කාලෙ මං\nපෙන්නුවානෙ මෝඩ කමට මගෙ චන්ඩි කං\nමට මතක් වෙලා ලැජ්ජ හිතෙනවානෙ දැං\nඒව තමයි මගේ පරණ මෝඩ කං\nබජාර් එකේ සයිස් දමල නසාර් එක්ක ෆයිට් කරල\nපටර් ගාල පාර වැදිල කැපිල ගියා මං\nඅතට දුන්න කණ පුරවල රීට පස්සෙ කටට ගහල\nහොඳට තිබුනු දත් සැට් එක අහිමි වුණා බං\nරජා වගේ අඩි හප්පල උජාරුවෙන් වැඩ පෙන්නල\nඅජාසත්ත වී පැරදිල සවුත්තු වුණෙ මං\nඋඩට ගිහින් බිමට වැටිල\nදෙකටනැමිල ගියෙ කොරවෙල\nමාර වැඩේ සීන් එකෙන් කැපිල ගියා බං\n
දුන්නු වේදනා,['නව පොප්'],['නිරෝෂා විරාජිනී'],['ඩිලාන් ගමගේ'],['රදීශ් වැන්දබෝනා'],132,මේ සීත වස්සානේ පාළුව ගලන්නේ,"තනිකම හෝ දුක, සමහර විට උණුසුම නොමැතිකම නිසා විය හැකිය","දුන්නු වේදනා, මේ නෙතින් උතුරලා\nමතක රැස්වෙලා හිත අයාලේ ගියා\nහිතෙන්නේම නෑ ඔබ මගේ නොවේ කියා\nජීවිතේම දැන් මාගේ හීනයක් වෙලා\nකෙටි කාලයකින් හමුවී මගේ ජීවිතයට පැමිණි\nලස්සනම සිහිනෙකි ඔයා…………ලස්සනම සිහිනෙකි ඔයා\nමේ සීත වස්සානේ පාළුව ගලන්නේ\nතනිකමයි හදවත සරන්නේ\nමේ අන්ධ හිත් මානේ  මතකය තැවෙන්නේ\nසෝ සංකා හිරිහැර කරන්නේ\nසඳ නේන රැ යාමේ සසලව හිඳින්නේ\nකළුවරයි දසතින් හමන්නේ\nවැටෙන හුස්මක් ගානේ.. ඔබවමයි සිහිවන්නේ\nඔබ කොහේදෝ හිඳින්නේ\n"
බොරළු ඇනෙන,['නව පොප්'],['දීපිකා ප්\u200dරියදර්ශනී'],['රුචිර පරණවිතාරණ'],['රෝහණ වීරසිංහ'],1017,අඳුරට දුක එකතු වෙලා නින්ද බිඳුනු පැලට වදී,දැනටමත් දුෂ්කර හෝ අභියෝගාත්මක තත්වයක් තුළ නිෂේධනය හෝ දුෂ්කරතාවය,බොරළු ඇනෙන පය රිදවන වෙහෙස මදක් නිවාගන්න\nඔබේ සතුටු මුහුණ අපට ටිකක් හොඳින් බලාගන්න\nමහත්වරුණි බදුලු ඔයෙන් කිරි කඳුලක් අපිත් ගන්න\nකාසි ඇතොත් මේ බෙලිමල් කඳුළු වතුර පොදක් බොන්න\nකැලේ ගිහින් නිදිවැරුවා...\nකැලේ ගිහින් නිදිවැරුවා කැපුන සඳුන් දන්ඩ දනී\nඒ සඳුනින් හිත තැවරූ සුවඳ පවා සිහින වැනී\nඅඳුරට දුක එකතු වෙලා...\nඅඳුරට දුක එකතු වෙලා නින්ද බිඳුනු පැලට වදී\nඅපට නැතත් බදුලු ඔයට හෙටත් උදෑසනක් වඩී\nරෑන ගිරව් කටුසු කොබෙයි...\nරෑන ගිරව් කටුසු කොබෙයි උරග නාග සපුනි වනේ\nනුඹට වගේමයි අපටත් දුක් පීඩා විඩා දැනේ\nකඳු ඉස්මත්තෙන් පාවී...\nකඳු ඉස්මත්තෙන් පාවී වැගිරෙන දුන්හිඳ හීනේ\nපුංචි එවුන්ටයි ලස්සන කිරු ගරුඩෙන් කවිය වුනේ\n
දේදුන්නේ සත් පාට,['නව පොප්'],['නිරෝෂා විරාජිනී'],['බන්දුල නානායක්කාරවසම්'],['සුරේෂ් මාලියද්ද'],123,රෑ සදේ සිනිදු කිරණත් එපා ලා ඉරේ අරුණු දහරත් එපා,කිසිවක් අවශ්ය නොවන බව හැඟීම,දේදුන්නේ සත් පාට හංගලා\nහිනැහෙන්නේ කොයි සිටද හැංගිලා\nපීදෙන්නේ  සුවඳින්ම නැහැවිලා\nඔබෙ නමට රොන් සදා  ඔබෙ උයනෙමයි\nදේදුන්නේ සත් පාට හංගලා\nහිනැහෙන්නේ කොයි සිටද හැංගිලා\nරෑ සදේ සිනිදු කිරණත් එපා ලා ඉරේ අරුණු දහරත් එපා\nගී සරේ මිහිරි ගී රැව් එපා ජීවිතේ ඔබ ගෙනේ නම්\nරෑ සදේ සිනිදු කිරණත් එපා ලා ඉරේ අරුණු දහරත් එපා\nමාරුතේ සුමුදු සිහිලත් එපා හීනයේ අරුම දැහැනත් එපා\nපා මිණි කිකිණි රසු දැල් එපා ආදරේ ඔබම වේ නම්\nරෑ සදේ සිනිදු කිරණත් එපා ලා ඉරේ අරුණු දහරත් එපා\n
බොල් පිණි වෑහෙන,['නව පොප්'],['රූකාන්ත ගුණතිලක'],['රූකාන්ත ගුණතිලක'],['රූකාන්ත ගුණතිලක'],4391,බොල් පිණි වෑහෙන වේලාවේ,උදෑසන,බොල් පිණි වෑහෙන වේලාවේ\nඔබගෙන් සමුගෙන යායුතුවේ\nතාමත් ඔබ ඇත සුව නින්දේ\nඒකයි මා නොකියා යන්නේ\nබොල් පිණි වෑහෙන වේලාවේ\nගැල පිට නැගලා ඈත ගම් බලා\nපියමන් කරවන්නේ\nතවත් නිවහනෙක ගිමන් නිවන තුරු\nඔබ සිහියට එන්නේ\nඔබගෙන් සමුගෙන මා යන්නේ\nඔබ අවදිව මා සොයනු එපා\nඈතයි මා ඉන්නේ\nතවලම් කරුවෝ කවරමදාකද\nඑකම තැනක ඉන්නේ\n
බැස යන සඳ,"['නව පොප්', 'ඉල්ලීම']",['නාමල් උඩුගම'],['කුලරත්න ආරියවංශ'],['රෝහණ වීරසිංහ'],2113,ඔබ ඒ සුළඟ වගේ නම් රඳවාගන්නද කෙලෙසින්,කෙනෙකුට තමන්ගේ තීරණ ගැනීමට ඉඩ දීම,බැස යන සඳ දෑසින් නවතාලන්නට බෑ\nපරවෙන මල දෝතින් වලකාලන්නට බෑ\nඔබ බැස යන සඳ නම් ඔබ පරවෙන මල නම්‍රැක ගනිමිද කෙලෙසින්..\nනන්නාදුනන දෙසින ගිමනට සිසිල ‍රැගෙන\nඅවුදින් සිරුරේ දැවටී පවනැල් රහසේ හැරයයි\nඔබ ඒ සුළඟ වගේ නම්\nරඳවාගන්නද කෙලෙසින්\nමන්දාකිණිය ගලන නිසසල ‍රැයට මැවෙන\nතරුමල් අඹරේ හිනැහී මැදියම් අදුරේ සැඟවෙයි\nඔබ ඒ අහස වගේ නම්\nහඳුනාගන්නද කෙලෙසින්\n
ආයුබෝවන් පෙම්බරාණනි,['නව පොප්'],['දීපිකා ප්\u200dරියදර්ශනී'],['ශාන්ත කුමාර විතාන'],['රෝහණ වීරසිංහ'],528,රුදුරු බස් බණවා නෙතු කඳුළු පුරවා,කණගාටුදායක තත්වයක්,ආයුබෝවන් පෙම්බරාණනි ඔබට සුභ දවසක්\nදුකක් නොරැඳෙන හෙටක් වෙණුවෙන්\nසුසුම් සුභ පැතුමන් ඔබට සුභ දවසක්\nපැනින් නහවා ඇඟිලි ගෙල වට රනින් තැලි පළඳා\nසසර ඉම තෙක් එක්ව ඉන්නට\nආදරෙන් කොඳුරා අතින් අත බැඳුනා\nහාදු තැවරූ රෝස කම්මුල් රළු අතින් පිසවා\nදෙතොල ඉකිලන සුසුම් කැඳවන\nරුදුරු බස් බණවා නෙතු කඳුළු පුරවා\nඔබෙන් රිදවුණු නෙතින් ගිලිහුණු\nකඳුළු පැන් කළසක්\nයහන පාමුල විහිදුවා යමි ඔබට සුභ දවසක්\nඔබට සුභ දවසක්\n
බෝගන්විලා මලේ,"['නව පොප්', 'ඉල්ලීම']",['අජිත් මුතුකුමාරණ'],['නොදන්නා'],['නොදන්නා'],1462,නොදැනේ අදුර පවා,කාලය ගත වන බවක් දැනෙන්නේ නැත,බෝගන්විලා මලේ ලා දම් පාට අගේ\nමා ලං වෙලා ඔබේ වින්දා සුවඳ හදේ\nරන් වන් සමනලිය මල්රොන් උරන තුඩ\nඔච්චම් කරයි මට මගෙ මල් කළඹ නුඹ\nදිළිදුයි කියූ නිසා සිනිදුයි ඇගේ කතා\nනොදැනේ අදුර පවා සඳු එයි අපව සොයා\n
හද පාරනා රුදු,"['නව පොප්', 'ඉල්ලීම']",['සුනිල් එදිරිසිංහ'],['කුලරත්න ආරියවංශ'],['සරත් ද අල්විස්'],481,හද පාරනා රුදු වේදනාවන්,හද කම්පා කරවන සිදුවීම්,හද පාරනා රුදු වේදනාවන්\nකුරිරු වූ ලෝකෙන්\nනැගෙනා පැයේ නොසැලී හිඳින්නම්\nමා සිනා දෑසින්\nතනිව නැගෙද්දී පෙරට ඇදෙද්දී\nමාවත අවුරණ ලොවක මෙසේ\nතනිවූ දෙපයින් ජීවිතයේ\nබාධක දිනන්නෙමි\nපහර වදිද්දී සැවොම රිදුම් දී\nඒ සිත හඬවන ලොවක මෙසේ\nතනිවූ දෑසින් යායුතු වූ\nමාවත දකින්නෙමි\n
කවි සීපද,['නව පොප්'],['චන්දන ලියනාරච්චි'],['චන්න ජයනාත්'],['ජයසිරි අමරසේකර'],1802,හිතේ දුකට නෙතු කඳුලැල් සැලේවි,කනගාටුදායක තත්වය,කවි සීපද ඇහෙන ඈත කුරහන් මල් පිපෙන රෑට\nසරා සඳ ‍පෙමාතුර ගී ගයාවි\nවළා පෙළ අඳුර ලඟ ඉකි බිදිවි\nමල් පිපුණට පාට පාට අසරණ වූ මගේ දෑස\nනිදි යහනට මල් සුවඳක් නොවේවි\nහිතේ දුකට නෙතු කඳුලැල් සැලේවි\nපහන් සිළෙන් නොදුටුව රුව\nපැළ දොර ළඟ සිරියාවට\nහිරු කුමරුට අතවනන්න හදනවා\nඑපා නගෝ තරහ වෙන්න හිතෙනවා\nඅද රෑ වස්දඬු රාවය\nකියයි හිතේ ඇති ආලය\nතරු මල් සිපගෙන එන පෙම් සිහිනයේ\nනැළවීයන් සංකා හැර ප්‍රේමියේ\n
කඳු අතරේ බැඳී,['නව පොප්'],['ආත්මා ලියනගේ'],['සමන් පාලිත ගමගේ'],['ආත්මා ලියනගේ'],3125,මිලාන වී යන අපගේ ආලේ,ආදරය අහිමි වීම,කඳූ අතරේ බැඳී මීදුම් පටල සේ\nපියඹා යද්දි අපගේ ආලේ\nතැවුල් නිවා ගමු නිම්තෙර නොබලා\nමිලාන වී යන අපගේ ආලේ\nහදුනා ගත්තද පෙම් ලොව ඔබගේ\nපියමන් කෙරුවද පෙම් ලොව ඔබගේ\nඔබ අන්සතු වෙයි මා අන් සතු වෙයි\nනික්මී යමු අපු පෙම් මල් උයනේ\n
කඳු පාමුල සිට,"['නව පොප්', 'ඉල්ලීම']",['ආත්මා ලියනගේ'],['සරත් ගුණරත්න'],['කාලෝ විජේසිරි'],3847,ඔබ අන්සතු බව මම දැන සිටියෙමි,ආදරය අහිමි වීම,කඳු පාමුල සිට දැහැනට සමවැද\nමා ගයනා ගී ඔබට ඇසෙනවද\nකඳු මුදුනේ සිට දිවැස් හෙළනු මැන\nආල වඩන සඳ කිඳුරු ලියේ\nමිටියාවත් කඳු ශිඛර සිසාරා\nසඳ බැස යන තුරු අවර වන පෙතේ\nඔබ කිවු රහසින් මා සැලුනේ නැත\nඔබ අන්සතු බව මම දැන සිටියෙමි\nඇළ දොළ ගංගා සයුර සිසාරා\nඉර නැඟ එන විට පෙරඹර අහසේ\nඔය නෙතු කැල්මෙන් මා සැලුනේ නැත\nඔබ අන්සතු බව මම දැන සිටියෙමි\n
කවිය මගේ,['නව පොප්'],['අජිත් මුතුකුමාරණ'],['නොදන්නා'],['නොදන්නා'],566,ගීය ඔබේ ගැයෙන පැයේ මිහිරි හද පිරෙයි,ඔබේ ගීත මා සතුටු කරයි,කවිය මගේ ගීය වුණේ ඔබේ තනුවටයි\nගීය ඔබේ මිහිරි හඬින් ගයන්නේ මමයි\nදිවිය මගේ සුවද වුනේ ඔබේ පැතුමටයි\nගීය ඔබේ ගැයෙන පැයේ මිහිරි හද පිරෙයි\nප්‍රේමය ගැන ගී ලියන්න සවිය දුන් ඔබයි\nප්‍රේමය ගැන කියා දුන්නෙ ගීතයක් ලෙසයි\nසියුම් හදේ නැවුම් සෙනේ කුසුම පුබුදුවයි\nයනෙන තැනේ සුවද ඔබේ පවන මට ගෙනෙයි\nසසර පුරා ලියූ එකම කවිය ඔබ ගැනයි\nඒ කවියේ පද අතරේ ඇත්තෙ අපෙ පෙමයි\nසසර පුරා තැනී එකම ගීය ඔබ ගයයි\nඒ ගීයේ රස මැවුනේ ඔබේ පෙමටමයි\n
කඳුළු බිඳක්,['නව පොප්'],['රූකාන්ත ගුණතිලක'],['බන්දුල ජයසිංහ'],['රෝහණ වීරසිංහ'],2230,එක මග යනමුත් කිසිදා  හමු නොවෙනා දෙදෙනෙකු නම්,හමුවීමට නොහැකි වීම,කඳුළු බිඳක් මා වෙනුවෙන්\nනොසැලෙන්නයි ඔබේ ඇසින්\nආදරයේ අනුකම්පා\nඅයැදින්නට එපා මගෙන්\nකුළුඳුල් සෙනෙහස ඔබගේ\nපුද කලදා එකම සිතින්\nඔබ දෙගුරුන් නොපැතූ මා\nලොව තනිවේ නම්\nඑක මග යනමුත් කිසිදා\nහමු නොවෙනා දෙදෙනෙකු නම්\nතනිවෙන්නම් සැමදා මා\nඔබ සැනසේ නම්\n
කන්දෙ විහාරේ,['නව පොප්'],['චන්ද්\u200dරලේඛා පෙරේරා'],['ධර්මරත්න පෙරේරා'],['සරත් දසනායක'],1106,පෙර සංසාර භවේ පැතුමකේ විලසින්දෝ,පුද්ගලයෙකුගේ පෙර ජීවිතයේ අත්දැකීම් සහ ක්රියාවන් ඔවුන්ගේ වර්තමාන ජීවිතයට බලපෑම් කළ හැකිය,කන්දෙ විහාරේ සීල සුගන්දේ\nපාවී එන්නේ ඝන්ඨා නාදේ\nදෝත පුරාලා නෙළුම් නෙලාලා\nපන්සල් යමුකෝ චූටි නංගියේ\nරතු ගුරු පාර ඉමේ කවුරුන් එනකන්දෝ\nසිරිමල් බලා හිඳින්නේ තනියෙන් බලා හිඳින්නේ\nමං නංගී එක්කං පංසල් යනවා\nඑනවද සිරිමල් අයියේ\nපෙර සංසාර භවේ පැතුමකේ විලසින්දෝ\nඅපි දැන් නෙළුම් පුදන්නේ සමිදුන් පිහිට යදින්නේ\nදෙන්නාට දෙගුරුන් අවසර දෙනවා\nසැක නැහැ සිරිමල් අයියේ\n
කඳුළු පොදක්,['නව පොප්'],['චන්ද්\u200dරලේඛා පෙරේරා'],['බෝධි අමරසිංහ'],['රෝහණ වීරසිංහ'],1507,කඳුළු පොදක් ඔබ දෑසේ නොසලනු මැන මා වෙනුවෙන්,මම ගැන දුක් වෙන්න එපා,කඳුළු පොදක් ඔබ දෑසේ\nනොසලනු මැන මා වෙනුවෙන්\nසංසාරේ නෙක වාරේ\nමා වේලුනා ඔබ සුරතේ\nහදමත් කල මදිරාවේ\nඔබ සතපා හැම යාමේ\nදිවි ගමනේ හිමි පහනේ\nසේසත වී සෙනෙහෙ\nසේසත වී සෙනෙහෙ\nඅත්වැල වී දිවි දැලේ\nසන්හි එකම කැදැල්ලේ\nපිපි කුසුමයි සිත් යායේ\nමන් මත් වී සුගන්දේ\nමන් මත් වී සුගන්දේ\n
කන්ද උඩින්,['නව පොප්'],['ආත්මා ලියනගේ'],['කමල්'],['ආත්මා ලියනගේ'],1339,පුංචි මුවේ කොමල සිනා මල් හසරැල්ලේ,සතුටු වීම,කන්ද උඩින් අරුණ නැගෙන හිමිදිරියේ\nපුංචි මුවේ කොමල සිනා මල් හසරැල්ලේ\nසුභ දිනක් උදාවේ ජීවිතේ කතාවේ\nලන්ද දිගේ නියර උඩින් එන ගමනේ\nමන්ද නගේ ගොයම් කරල් එබී බලන්නේ\nඔය ගමන් ලතාවේ වාසනා ගෙනාවේ\nපායා එන සුපුන් සඳේ ඔය ලස්සන පිරි තිබේ\nමගේ සිතේ අනන්තවූ පැතුම් පිරෙන්නේ\nමා ප්‍රාර්ථනාවේ සඳ ඔබයි කුමාරී\n
කලා වැව හිඳෙනවා,['නව පොප්'],['අමරසිරි පීරිස්'],['ශාන්ත ජයලත් තිසේර'],['නොදන්නා'],1684,මගේ හිත බිඳෙනවා ආයෙමත් හැදෙනවා,දුකෙන් සහ නැවත සතුටින්,කලා වැව හිඳෙනවා ආයෙමත් පිරෙනවා\nමගේ හිත බිඳෙනවා ආයෙමත් හැදෙනවා\nහිඳුනු වැව් පතුලේ කටු කොහොලු පෙනෙනවා\nරිදුනු හිත් මඬලේ සෝ සුසුම් දැවෙනවා\nපිරුනු වැව් ජලයේ සුදු නෙළුම් සරනවා\nහැදුනු හිත් මඬලේ පෙම් සුවද දැනෙනවා\n
ඉරි තැළුනු වලා,['නව පොප්'],['අමරසිරි පීරිස්'],['සමන් අතාවුදහෙට්ටි'],['තිස්සසිරි පෙරේරා'],2149,ඉරි  තැළුනු වලා උඩු වියන් යටින් මුදු තාර ඇතිරිල්ලේ,අහස යට සහ පාරේ,ඉරි  තැළුනු වලා උඩු වියන් යටින්\nමුදු තාර ඇතිරිල්ලේ\nයමු යමු යමු අපි ඇවිද යමු ප්‍රේමියේ\nසිව් දෙසින් හඹා එන මොටෝ රථ රඟ\nසෙනඟ රවටමින්\nවටපිටේ සීරුවට විදුලි ඇස් සිනාසේවී\nනොරැවටී යන්න යමු\nකහ ඉරෙන් එතර වීලා\nරිය පෙලේ කිරුළු හිමි රජවරුන් අත වනාවී\nබිම බලන් යන්න යමූ\nකහ ඉරත් රැළි වැටීලා\n
හිඳීවි කොතැනක,"['ගෝල්ඩන් ඕල්ඩීස්', 'නව පොප්']",['සුනිල් එදිරිසිංහ'],['කුලරත්න ආරියවංශ'],['රෝහණ වීරසිංහ'],1150,නුඹ විඳි අඳුර නිවාවී,ඔබේ තනිකම පහව යනු ඇත,හිඳීවි කොතැනක හෝ\nහිමි කාරයා උපන් නුඹේ නමින්\nවඩීවි කෙදිනක හෝ\nඒ එනතුරා හිත හදාගෙන ඉඳින් …\nගඟකට සයුරක් මුණ ගැසේවී\nරළකට වෙරළක් මඟ හිඳීවී ...\nනියඟට වැස්සක් ඇද හැලේවී\nනුඹටත් කෙනෙක් හිඳීවී\nදවසක සොයාන ඒවී\nඅකුලක පිපෙන නැවුම් මලක් සේ\nනදියක නැගෙන තරංගයක් සේ ...\nනළලත සිඹින පවන් රොදක් සේ\nනොසිතුව විටෙක ළඟාවී\nනුඹ විඳි අඳුර නිවාවී\n
හන්තානට පායන සඳ,['නව පොප්'],['අමරසිරි පීරිස්'],['ධම්මික බණ්ඩාර'],['ඩැනිස්ටර් පෙරියා'],2863,මා ගැන මතකය ගුලිකර මහවැලියට දමන්න,මා ගැන අමතක කරන්න,හන්තානට පායන සඳ\nලස්සනයිද කියන්න\nමා නොදකින ඒ පුර හඳ\nඔබට හැකිය දකින්න\nඅඳුරු ලලා වහිනා කල\nසරසවි බිම තෙමෙන්න\nකුඩේ යටින් ඔබ යන කල\nඑපා තනිය දැනෙන්න\nලතා මඩුළු අත වනාවි\nඑපා අහක බලන්න\nමා ගැන මතකය ගුලිකර\nමහවැලියට දමන්න\n
හිත දුර හන්දා,['නව පොප්'],['ආත්මා ලියනගේ'],['රචිත වාකිෂ්ට'],['තිළිණ රුහුණුගේ'],2328,සිහින පොතේ කවි දහසක් අතරේ  නුඹමයි හිදිනා,සෑම විටම ඔබ ගැන සිහිපත් කරයි,හිත දුර හන්ඳා නෙතු ලග හංඟා\nසිහින ගණින හින්දා\nතනිකම හංඟා ඈතක රන්දා\nමතක හිත ඇහින්දා\nඅරුත කියන සෙනෙහේ  නුඹම වේද මංදා\nඈත අතීතෙක අමතන සෙනෙහේ හිතවත් කරනා\nසිහින පොතේ කවි දහසක් අතරේ  නුඹමයි හිදිනා\nනොමැකෙනසේ හදවතේ ඉන්න නුඹ අළුතින් පතනා\nඅහස වගෙයි නුඹ සිතුව අතීතේ මතකෙට නැගෙනා\nහැඩවෙන හිතලඟ තනියට ඉන්නම්  නුඹමද කියනා\nඉස්සර දවසක තහනම් හීනේ ආයෙත් දකිනා\n
හන්තාන සිහිනේ,['නව පොප්'],"['ඩබ්ලිව්.ඩී.අමරදේව', 'උමාරියා සිංහවංශ']",['නොදන්නා'],['නොදන්නා'],3809,බලා වැලපෙමි නෙලාගනු බැරි හන්තාන සිහිනේ,සාක්ෂාත් කරගත නොහැකි සිහිනය ගැන හඬා වැටේ,බලා වැලපෙමි නෙලාගනු බැරි හන්තාන සිහිනේ\nදරා නෙත් අග දොවා සිත් මල ගොතනු මැන ළදුනේ\nසංසාර සිහිනේ\nවැහි පබළු යට රගමඩල මැත ඔබේ දෑතේ තුරුළු වෙන්නට\nබිසෝ හැර ගිය ලසෝ රග හළ අමාවක අදුරේ\nනොඑනු මැන ළදුනේ\nවඩින තුරු සද දුරින් ඉන්නම්  තරු ඇදුරු පෙම් ගී අහන්නම්\nසොදුරු ඒ සද දියේ එන්නම්  ඉදිනු මැන සොදුරේ\nහන්තාන අරණේ\n
හිරු ගිලිලා සඳ,['නව පොප්'],['චන්ද්\u200dරලේඛා පෙරේරා'],['නොදන්නා'],['නොදන්නා'],1555,පැතූ පැතුම් ඉගිලී යයි අවර ගිරෙන් සැඟවී,ආශාවන් ඉටු කර ගත නොහැක,හිරු ගිලිලා සඳ නැග ආ වෙලාවේ\nසඳ මිලිනව හිරු පිබිදෙන විලාසේ\nඔබයි මමයි.. මමයි  ඔබයි\nහිරු සඳු එක්වී නැහැ නුඹ තලාවේ\nඋදා ගිරෙන් හිරු පායා සඳු දැක ගනු රිසියේ\nපැතූ පැතුම් ඉගිලී යයි අවර ගිරෙන් සැඟවී\nඑදා වගේ කවදාවත් යළි අප හමුවෙන්නෑ\nපැතූ පැතුම් කවදාවත් සතුටක් ගෙන දෙන්නෑ\nනිල් දිය දහරින් පෙණකැටි අතරින්\nපැතුමන් එසේ පාවුණේ\nපැතුවාට සිතුවාට ආවාද නෑ නේද\nමේ වාගේ මලේ ජීවිතේ\n
ඉගිලෙන්න තහනම්,['නව පොප්'],['නිරෝෂා විරාජිනී'],['චන්න ජයනාත්'],['රෝහණ වීරසිංහ'],301,ඉගිලෙන්න තහනම් නම් දුරක් ඇයි දුන්නේ මට අත් තටු දෙකක්,අපිට හැකියාව තිබුණත් ඒවා පාවිච්චි කරන්න බැරිකම,ඉගිලෙන්න තහනම් නම් දුරක්\nඇයි දුන්නේ මට අත් තටු දෙකක්\nඅපි ලිව්වේ ලස්සන කවි දෙකක්\nමගේ වෙන්නේ ඇයි එක කවි පෙළක්\nපෙම්වන්ත හිතටත් යට ඉදන්\nපෙන්වන්න අවියක් ඔබ අරන්\nමට ගන්න හැකි ඉර හද උනත්\nඔබ දන්නේ නැ ඒ බව තවත්\nඔබ දන්නේ නැ ඒ බව තවත්\nහැමදාම මල් පෙති ලන්කලත්\nදැනුනේම නැ සුවදැති බවක්\nනෑ මා ඔබෙන් ලද අත්වැලක්\nසාදාරණයි අපි වෙන් කලත්\nසාදාරණයි අපි වෙන් කලත්\n
හදවතින් සෙනෙහස,"['නව පොප්', 'ඉල්ලීම']",['අජිත් ආරියරත්න'],['කුමාරදාස සපුතන්ත්\u200dරී'],['රෝහණ වීරසිංහ'],2338,මගේ පැතුම් ලොව පහන් නිවා  අද ඉගිලී යන්න ගියා,අභිමතය සාක්ෂාත් කරගත නොහැක,හදවතින් සෙනෙහස පුරා\nඔබ එදා මා වෙත පිදූව සේ\nකඳුලකින් දෙනයන වසා\nඇයි මෙසේ මා අද තනි කළේ\nදෙනෙතේ හසරැල් සලා\nසිහිනය සේ බොඳ වෙලා\nමගේ පැතුම් ලොව පහන් නිවා අද\nඉගිලී යන්න ගියා\nනොසිතුව සේ මා එදා\nසමුගෙන ගියෙ ඔබ සදා\nපෙර සේ මතු දින නැවතත් හමුවෙමු\nහිනැහී අප දෙදෙනා\n
හඬන්න ළංව,"['යුගල', 'නව පොප්']","['චරිතා ප්\u200dරියදර්ශනී', 'එඩ්වඩ් ජයකොඩි']",['බී නානායක්කාරවසම්'],['රෝහණ වීරසිංහ'],2681,හඬන්න ළංව ඇති ඔබේ නුවන් පුරා,කණගාටුදායක තත්වයක්,හඬන්න ළංව ඇති ඔබේ නුවන් පුරා\nඇඳෙන්නේ ජීවිතේ කතාවදෝ\nහෙලන්න බැරිව ළතවෙනා සුසුම් සදා\nකියන්නේ ජීවිතේ මුළාවදෝ\nතරු ඇසක් ඇරී උදා ගිරේ පෙම් මලක් මුවින් හිනා නැගේ\nතරු ඇසේ කතා මියේද පෙම් මලේ හිනා මැකේද\nමේ වෙනසදෝ ආදරේ\nසඳ රැහැන් වැටී සුනිල් දියේ කුමුදු මල් දෙතොල් විදා පිපේ\nහිරු ඇවිත් එ මල් දවාද ඒ දුකත් වසන්ව යාද\nමේ අරුතදෝ ආදරේ\n
හමුවි මා එදා,['නව පොප්'],['ආත්මා ලියනගේ'],['කුමාරි ලංකා'],['ආත්මා ලියනගේ'],1098,ඈ පහනකී මා දිවිමගේ,ඇය මගේ ලෝකය ආලෝකමත් කරයි,හමුවි මා එදා විමසුවා සැනසුනා\nමා හදේ කුමාරී සැඟවුනා\nඈ පහනකී මා දිවිමගේ\nඑළිය දී  විහිදෙනා\nඈ නෙතු සළා මා හදවතේ\nසතුට දී හිනැහුනා\nඈ කුසුමකී මා දිවිමගේ\nසුවඳ දී  විසිරෙනා\nමා සෙනෙහසේ ඈ කිමිදිලා\nහදවතේ පෙලෙනවා\n
කවිය ඔබ,['නව පොප්'],['දීපිකා ප්\u200dරියදර්ශනී'],['සුනිල් ආර් ගමගේ'],['රෝහණ වීරසිංහ'],1511,තුන් තිස් පැයක් නිඳි වරා වෙහෙසි,ගොඩක් මහන්සියි,කවිය ඔබ…\nතුන් තිස් පැයක් නිඳි වරා වෙහෙසි\nසිත දෙගිඩියාවෙන් තවම නොලියු\nකවිය ඔබ කවිය ඔබ.\nපද එකින් එක ලියවා සිත කුරුටු ගා මැකුවා\nඔබ ලියූ කවි කියවා මන් අසරණව උන්නා\nයෞවනේ\nතනිකමක් දැනෙනා මොහොතක\nසිත ඉකිගසා හැඩුවා\nහොර ඇහින් ඉඟි කරලා සඳ මගෙන් සමු ගත්තා\nකවි පොතම පොඩිකරලා නිදියන්න මට සිතුනා\nයෞවනේ....\nඅත ළඟින් හිඳිනා මොහොතක\nදුර ඈත බව දැනුනා\n
මා ලඟටම,['නව පොප්'],['ඩබ්ලිව්.ඩී.ආරියසිංහ'],['නොදන්නා'],['නොදන්නා'],1673,මහළු වෙලා අද සඳ වාගේ,වයසට යනවා,මා ලඟටම තව ළං වෙලා හිඳින්න නිහඬ නුවන් පියා\nමා සීතාවෝ සැතපෙන නින්දේ නුපුර හෝ ප්‍රියේ\nපා සුළගිල්ලේ හඩ නම් අවදි නොවේ\nකුසුම් කැකුළ නිදනා තුරා\nසඳගිරි පව්වේ පෙරදා සංසාරේ\nසැතපුණුදා දුටු කින්නර පෙම් සිහිනේ\nමහළු වෙලා අද සඳ වාගේ\nයෞවන රෑ සඳ බලාන උන්නාවේ\nකල්ප කාල යුග අප අතරින් ගෙවිලා\nඅපි යමු මේ රෑ අනාගතය සොයලා\nනල මුදු සුවඳේ නිදන මලේ\nමට මල් රොනගුන් සුවඳ දැනෙ ලඳුනේ\n
මා ඔබත් එක්ක,['නව පොප්'],['කරුණාරත්න දිවුල්ගනේ'],['ලලිත් ද සිල්වා'],['රෝහණ වීරසිංහ'],1738,මා ඔබත් එක්ක සුහද කතාවක්,සුහද සංවාදය,මා ඔබත් එක්ක සුහද කතාවක්\nඔබෙ ඇසුත් එක්ක ප්‍රේම කතාවක්\nතොරතුරු විමසනවා ආගිය තැන් පවසනවා\nතොරතුරු විමසනවා ආගිය තැන් පවසනවා\nසංසාරේ හුරුපුරුදුයි කියල කියනවා\nකියල කියනවා\nමා ඔබත් එක්ක දිගට කතාවක්\nඔබෙ ඇසුත් එක්ක ප්‍රේම කතාවක්\nරස රහස් කියනවා විටකදි ඉගිත් කරනවා\nරස රහස් කියනවා විටකදි ඉගිත් කරනවා\nඇවිදින්නට තනිවෙන්නට යමුද අහනවා\nයමුද අහනවා\nසද හිරුත් එක්ක හොරෙන් කතාවක්\nතරු මාත් එක්ක ප්‍රේම කතාවක්\nවරදක් නැහැ කියනා කවුරුත් නොම එයි සිතනා\nවරදක් නැහැ කියනා කවුරුත් නොම එයි සිතනා\nසිත ගන්නට ළං වෙන්නට එන්න අහනවා\nඑන්න අහනවා\n
මා තොටින් එන,['නව පොප්'],['දීපිකා ප්\u200dරියදර්ශනී'],['මහින්ද චන්ද්\u200dරසේකර'],['රෝහණ වීරසිංහ'],1555,ගිණි සිඹින මඩු පල්ලියේ,පල්ලිය ගිනි තබා ඇත,මා තොටින් එන උතුරු හුළඟේ\nගිණි සිඹින මඩු පල්ලියේ\nදෑස් අග මුතු කඳුලු හංගන\nසරෝජා මගෙ දෝණියේ\nවෙඩි හඬට පොඩි අකුරු ඇදවෙයි\nමක් කරන්නනද පැංචියේ\nගුරුතුමී මා සිසුවියයි නුඹ\nඒත් අපි එක පංතියේ\nකරවටේ අත දමා හිනැහුනු\nකෝ නුඹේ පොඩි යාළුවන්\nදයාවක් නැති ලෝකයක් දැක\nඋන් ගිහින් පැන මායිමෙන්\nතාත්තා හීනෙන් ඇවිත් අත\nවනන තුරු කඳවුරු දොරින්\nකාටවත් නැති දුවේ කවුරුන්\nනුඹ රකීවිද සෙනෙහසින්\nමන්දිරේ දොර නුඹව කැඳවයි\nබේබිලා හඬනා හඬින්\nමායිමේ වැට හඬ ගසයි හෙට\nඅවි දරා රකිනා ලෙසින්\nදමා ගොදුරට කෙලෙස යන්නද\nඒත් යන්නට වෙයි ඉතිං\nවරක් දැක සිත නිවාගන්නට\nදුවේ ඩින්ගක් හිනැහියන්\n
මගෙ අමල් බිසෝ,['නව පොප්'],['සුනිල් එදිරිසිංහ'],['බණ්ඩාර අහලියගොඩ'],['රෝහණ වීරසිංහ'],3468,නුඹ නොදැක්ක සේ ඉඳපන්,නොසලකා හරිනවා,"මගෙ අමල් බිසෝ දොර හරින්නෙපා\nහොඳ පරිස්සමින් ඉඳපන්\nමම දීපංකරේ ලතැවුලෙන් මෙසේ\nනුඹ මූදුකරේ තනියෙන්\nයස ඉසුරු අරන් සුදු මහත්වරුන්\nඒරොප්පෙ ඉඳන් ඇවිදින්\nමුදු බැලුම් හෙලයි, ලං වෙන්න බලයි\nනුඹ නොදැක්ක සේ ඉඳපන්\nඇඳි නේක ඇඳුම් සුදු නෝනවරුන්\nගෙට එබී බලයි හොරැහින්\nමගෙ පුංචි එවුන් ටික ලඟට කරන්\nනුඹ හෝදිසියෙන් ඉඳපන්\n"
මා මුව අගින්,"['නව පොප්', 'ඉල්ලීම']",['නාමල් උඩුගම'],['නාමල් උඩුගම'],['නාමල් උඩුගම'],14585,රුව දැකලා.. …සිත පිරිලා,ලස්සන පුද්ගලයෙක් දැකීම,මා මුව අගින් හිනැහුනා\nඈ ගේ හැගුම් පිබිදුනා\nආදර ලොවක් ගැනද ඒ හිතන්නේ\nසොයුරියනේ ඔබට මගෙ හද නෙලැබෙන්නේ\nරුව දැකලා.. …සිත පිරිලා\nහද බැදිලා…… තැවෙන්නෙපා\nමා තනිවී….. නෑ ලෝකේ\nමටද කුමා…..රියක් ඇතී\n
මා සිතට අහම්බෙන්,['නව පොප්'],['දීපිකා ප්\u200dරියදර්ශනී'],['වසන්ත කුමාර කොබවක'],['රෝහණ වීරසිංහ'],2969,ලොවම උරණ වේවී,ලෝකය ඔබට විරුද්ධයි,මා සිතට අහම්බෙන්\nඔබ එබිකම් කළ අරුමය රහසින්\nමුළු ලොවට මුවාවෙන්\nසඟවා ගන්නෙද මතුදා කෙලෙසින්..\nමා සිතට අහම්බෙන්\nඅඳුර සඳක් වේවී\nඒ එළියේ පෙනේ නේද අපගේ සක්මන්\nපින්න ගඟක් වේවී\nඒ වතුරේ නැගී ඒවි අපගේ හසකැන්\nලොවම උරණ වේවී\nසා පවසෙත් නොදෙනා ලෙස සීතල දිය කැන්\nසිහින රුදුරු වේවී\nඋහුලා ගමු අපම නේද අපගේ දෙවියන්\n
මා ඉතින් යන්න,['නව පොප්'],['සුනිල් එදිරිසිංහ'],['රත්න ශ්\u200dරී විජේසිංහ'],['රෝහණ වීරසිංහ'],2797,ඔබ සඳක් සේම පායා මට එලිය දුන් වගයි,ඔබ ප්රසන්න පුද්ගලයෙක්,මා ඉතින් යන්න යනවා මට යන්න අවසරයි\nමට අරන් යන්න ඇත්තේ ඒ මතකය විතරයි\nඔබ සඳක් සේම පායා මට එලිය දුන් වගයි\nඔබ සඳක් සේම බැස යයි මට අයිති කළුවරයි\nමට මතක එපමණයි\nසඳ එලිය අයිති ලොවටයි සඳ අයිති අහසටයි\nඋණු කඳුළු බින්දු පමණක් මේ බිමට වැටෙනු ඇයි\nමට උරුම එපමණයි\n
මා හා සෙනෙහස,['නව පොප්'],['මිල්ටන් මල්ලවාරච්චි'],['ක්ලැරන්ස් විජේවර්ධන'],['ක්ලැරන්ස් විජේවර්ධන'],1721,පිරුනා සේ මට දැනුනා,සතුටක් දැනෙනවා,මා හා සෙනෙහස පාලා\nඇය මා හා සිත බැඳුනා\nසැනසීමක් සිතට දැනීලා\nපිරුනා සේ මට දැනුනා\nආවා සොයාලා ඔබේ ආදරේ\nනෑ මා තැවෙන්නේ සොයාලා සෙනේ\nසිහිනෙන් රැයේ දුටුවා ප්‍රියේ\nදෙදෙනා බැඳී ආදරේ\nඔබටයි කියාලා ගීයක් ලියා\nඑය මා ගයන්නම් දිනයක් සොයා\nපැතුමන් සිතේ ඉතිරී යතේ\nදෙදෙනා බැඳී ආදරේ\n
ලියතඹරා,['නව පොප්'],['ආත්මා ලියනගේ'],['රෝහණ ජයසිංහ'],['ආත්මා ලියනගේ'],1869,වීනාවෙ තත් අතරේ මුදු  ස්වරේ  ඇයමයි,ඇයට මිහිරි කටහඬක් ඇත,ලියතඹරා   මුදු   කුසුමකි  ඈ\nතවුසන්ගේ  දැහැනේ  සම  බිදිනා\nනෑ  ලොකේ  ජීවේ  ඇයයි\nමායාව මායාව ලොව රවටනා\nසිහිනයකි  සිහිනයකි  අදුරේ  පාවෙනා\nවීනාවෙ තත් අතරේ මුදු  ස්වරේ  ඇයමයි\nමා හදට රස ගෙනෙන මදුවිත ඇයයි\nමිරිගුවකි  මිරිගුවකි  අප  රවටනා\nදුර  ඈත  සිතිජයකි  ඉම  නොපෙනෙනා\nනිල් නයන බිදු දැලකි නෙත් සරය සුමුදුයි\nමගෙ ජීවෙ වැලි කතරෙ දිය බිද ඇයයි\n
කොණ්ඩ කිරිල්ලියේ,['නව පොප්'],['කරුණාරත්න දිවුල්ගනේ'],['රත්න ශ්\u200dරී විජේසිංහ'],['රෝහණ වීරසිංහ'],2025,රංචු ඉලන්දාරි කල්ලි ගැහී,ශක්තිමත් පිරිමි පක්ෂීන්,කොණ්ඩ කිරිල්ලියේ\nකවුද නුඹේ ප්‍රේමවන්තයා\nකොණ්ඩෙ කපනවාද කොණ්ඩෙ බඳිනවාද\nකොණ්ඩෙ කපනවාද බඳිනවාද කියාපන් එයා\nරංචු ඉලන්දාරි කල්ලි ගැහී බෝවිටියා සොයා\nපුංචි කට රතු කර සිංදු එහෙම කියනවාද එයා\nපුංචි කට රතු කර සිංදු එහෙම කියනවාද එයා\nරංචු ඉලන්දාරි කල්ලි ගැහී බෝවිටියා සොයා\nඔන්න කියන්නෙපා කිරිල්ලියේ නොකිව්වාය කියා\nඔය ලෙන්ගතුකම් බෑ දෑවැදි ඉල්ලුවොතින් එයා\nරංචු ඉලන්දාරි කල්ලි ගැහී බෝවිටියා සොයා\nපුංචි කට රතු කර සිංදු එහෙම කියනවාද එයා\n
ලිහිණින් රෑන,['නව පොප්'],['ප්\u200dරියා සූරියසේන'],['ධර්මරත්න පෙරේරා'],['සරත් දසනායක'],1483,විරසක නොවෙන් කියාලා,එකිනෙකා සමඟ අමනාප නොවන්න,ලිහිණින් රෑන පියා සලන්නේ\nමන්දාරම් වැහි පොද වැටෙන්නේ\nරුක්මල් හැන්දෑවේ පිපෙන්නේ\nසිහිනෙන්වත් නුඹ නෑ පෙනෙන්නේ\nලිහිණින් රෑන පියා සලන්නේ\nමන්දාරම් වැහි පොද වැටෙන්නේ\nගඟ දිය හඬන්නේ විහඟුන් අසන්නේ\nනුඹ කොතැනකද කියාලා\nනුඹ කොතැනකද කියාලා\nපෙර සේ මා සොයාලා මහ දේ ගිනි නිවාලා\nගමට එන්න ඇවිත් යන්න රත්තරන්\nමට හිමි මනාලී පිට ගම් ගියාවේ\nවිරසක නොවෙන් කියාලා\nවිරසක නොවෙන් කියාලා\nසංසාරේ කොහේ හෝ ඉපදී මුණ ගැසීලා\nවෙන් නොවන්න පෙරුම් පුරමු රත්තරන්\n
කොහේ හෝ නුඹ,['නව පොප්'],['කරුණාරත්න දිවුල්ගනේ'],['ශමිලා හුසේන්'],['දර්ශන වික්\u200dරමතුංග'],2448,එපා රිදවුම් ගන්න දිවියට,දුක් වෙන්න එපා,කොහේ හෝ නුඹ නතර වි\nකාට හෝ ජීවිතය දී\nතුටින් නම් මට ඒ ඇති\nමගේ නොවුනට කම් නැතී නුඹ\nමගේ නොවුනට කම් නැතී\nඋන්න දා අපි අපේ වී නුඹ\nදුන්නු සෙනෙහස අරුමැති\nලෝභ නෑ හිත අහිමි දා අද\nමමත් දැන් මට හිමි නැතී\nනුඹ ළඟත් මතකය ඇතී\nනමුදු අපි වෙන් වී ඇතී\nඑපා රිදවුම් ගන්න දිවියට\nඅපිට හිමි ජීවිත ඇතී\n
ලෙන්චිනා,['නව පොප්'],['සුනිල් එදිරිසිංහ'],['රත්න ශ්\u200dරී විජේසිංහ'],['රෝහණ වීරසිංහ'],1017,චන්ද්‍රයා සේ පායලා,ශක්තිමත් පුද්ගලයෙක්,ලෙන්චිනා මගෙ නංගියේ ඇයි\nගංතෙරට වී ගොම්මනේ\nපෙත්තරේ ළඟ පැන් තොටේ\nගම්මානයේ පව් සෝදනා\nරත්තරන් වී කළු වලාකුළු\nචන්ද්‍රයා සේ පායලා\nලෙන්චිනා ඇති වැඩ කලා දැන්\nගෙදර යං කළුවර වුණා\nපින්වතුන් කැල ඇන්ද සළුපිලි\nසේදුවා නුඹ සේදුවා\nතාම නෑ කිලිකුණු ගිහින් ඒ\nකිම්ද නොදැනේ කාරණා\nසේදිලා පරිශුද්ධ වීමෙන්\nයුග දෑත් නුඹෙ බබලනා\n
කුසුමට ළංවී,['නව පොප්'],['චන්ද්\u200dරලේඛා පෙරේරා'],['ෂර්ලි වෛජයන්ත'],['ෂර්ලි වෛජයන්ත'],1808,තනිවුන කුසුමකි මා,තනිව සිටීම,කුසුමට ළංවී රොන් ගන්නා\nබඹරුන් ඈතට ඉගිල ගියා\nමද සුළගේ ඔහෙ සැලෙනා\nතනිවුන කුසුමකි මා ...\nඉගිලී යන්නට පියාපත්\nනැත මා හට ඔබ මෙන් ...\nහෙට ආයෙත් දිනයක ඔබ ඒවී\nමා රිදවා සතුටු නොවෙන්\nහෙට පායන හිරු කිරණින්\nයළි මා විකසිත වේවී ...\nඔබ ආයෙත් මා හමුවට ඒ නම්\nයළි මා මුකුලිත වේවී\n
ලොවම නිදන රාත්‍රියේ,"['නව පොප්', 'ඉල්ලීම']",['නාමල් උඩුගම'],['නාමල් උඩුගම'],['නාමල් උඩුගම'],5919,මා නොනිදන මේ රැයේ,මම නිදාගන්නේ නැහැ,ලොවම නිදන රාත්‍රීයේ\nමා නොනිදන මේ රැයේ\nසිහින ගෙනාවේ සිහින ගෙනාවේ\nඔබ මා හමුවී එදා\nවෙන් නොවනා ලෙස කියා\nඅප හදවත් එකට බැඳී\nඑලෙස ඉමු කියා\nමා අඳුරේ සඟවලා\nඔබ ඔහු සමගින් ගියා\nනැතිවද කුමරියේ ඔබට\nමා මතක් වෙලා\n
ළඳේ මුලා වී,['නව පොප්'],['රූකාන්ත ගුණතිලක'],['රූකාන්ත ගුණතිලක'],['රූකාන්ත ගුණතිලක'],1685,මිරිඟුව දැක මුවෙක් වගේ,මුලින් ප්‍රිය කරන හෝ පොරොන්දු වූ දෙයකින් රැවටීම,ළඳේ මුලා වී ගියා නම්\nඑපා ඔයාගේ සිනාවන්\nමිරිඟුව දැක මුවෙක් වගේ\nදිය සොයමින් කතර දිගේ\nගිහින් මොකෝ පරාද වී දැන්\nමැණිකෙ අගය කණා දන්නෙ නෑ\nනමුත් අගය බාල වෙන්නෙ නෑ\nපළුදු බඳුන ඕන වෙන්නෙ නෑ\nවැරදුනාම හරී කිවුවෙ නෑ\nපර වුණාම මලේ සුවඳ නෑ\nබොර වුණාම ජලේ පැහැය නෑ\nබිඳුනු පෙමක නැවුම් රසේ නෑ\nහැර ගියාට මා තනිවුන්නෑ\n
කිරුළ මුතු ලිහී,"['නව පොප්', 'ඉල්ලීම']",['ජානක වික්\u200dරමසිංහ'],['රත්න ශ්\u200dරී විජේසිංහ'],['එච්.එම්.ජයවර්ධන'],1941,නටනවා නොවෙයි වැහැරුණු දෙපා වෙව්ලනා,කනස්සල්ලක් හෝ චකිතයක් දැනීම,කිරුළ මුතු ලිහී සර සර හඬින් වැගිරෙනා\nසුළු මැදුම් දෙතිත පැටලී ගිගිරි වැලපෙනා\nනටනවා නොවෙයි වැහැරුණු දෙපා වෙව්ලනා\nතන තන තාන තම් දෙනා\nදිලිසෙනා සේම කරලිය දිලෙන්නේ නැති\nවන්නමක් සේම සුමිහිරි තානමක් නැති\nසකියණි ගිරෙන් ගිරට පැන යන්නට\nජීවිතෙන් බැරි\nරඟ බිමෙන් බහින විට ගෙයි සන්තකව ඇති\nනළල් පට මාල හත් පට සින්න වී ඇති\nසකියණි රිදී කාසි සොලවන්නට\nබෙර පදය මදි\n
කවුරුන්ද ඔබ මගේ,['නව පොප්'],['සුනිල් එදිරිසිංහ'],['සමන් අතාවුදහෙට්ටි'],['රෝහණ වීරසිංහ'],3276,නොදොඩා ගොළුවී බලා සිටින්නෙමු,කතා කරන්නේ නැහැ,කවුරුන්ද ඔබ මගේ කවුරුන්ද මා ඔබේ\nකවුරුන්ද ඔබ මගේ කවුරුන්ද මා ඔබේ\nදෙතොල් සලා මුදු සිනහ නගන්නෙමු\nදෙනෙත් පුරා පිරි කඳුළු සලන්නෙමු\nහදවත් ගැහෙනා රිද්මය අතරේ\nසිතින් ගතින් එක්තැන් වී ඉන්නෙමු\nප්‍රේමය ගොළු වී හඬා වැටීලා\nඔබ හද මා හද රිදවන මොහොතේ\nජීවිතයට හුරු පැරදුම හමුවේ\nනොදොඩා ගොළුවී බලා සිටින්නෙමු\n
කෙහෙරැල් කඩාගෙන,['නව පොප්'],['සේනානායක වේරලියද්ද'],['පද්මකුමාර මෙත්තසේන'],['තරුපති මුණසිංහ'],2397,නිතරම පෙරෙන්නේ සරදම් කවට කතා,නිතරම විහිළු කරනවා,කෙහෙරැල් කඩාගෙන ආදර අරුණැල්ලේ\nනාඹර නුරා නුඹ ළඟ ඉඳ දිය නෑවේ\nබැල්මෙන් කතාවෙන් කලබලයක් නැත්තේ\nකොහොමද ළඳුනි ඔය විධියට හැඩ බැලුවේ\nනිතරම පෙරෙන්නේ සරදම් කවට කතා\nසියොළඟ දුවන්නේ පියකරු සුපෙම්වතා\nවන වදුලක සැඟවුණ සිව්පාද සතා\nසමග ඔබී ඔබෙ කරවට කිඳුරු පබා\nතුරඟුන් නිදන ඉස්තාලය අතේ අරන්\nඅරියාදුවට දුන් සිනහව සින්න කරන්\nකයිවාරුවට නවගුණ වැල තුරුළු කරන්\nකිරිගරුඬෙන් බේසම ළඟ පතුල බලන්\n
මගේ දිනපොතේහි,['නව පොප්'],['චන්ද්\u200dරලේඛා පෙරේරා'],['අජන්තා රණසිංහ'],['සරත් දසනායක'],1254,ඒ කී වදන් බොල් හීනෙකී,ඒ වචන බොරු සිහින විය,මගේ දිනපොතේහි අද රෑ ලියන්නේ\nඅ‍ප පෙම්කතාවේ අවසානයයි\nඔබ නේන දා හෙට මා මනමාලියයි\nමගේ දිනපොතේහි අද රෑ ලියන්නේ\nකවදාක හෝ..… එක්තැන් වෙලා\nසුව හා සුසුම් සමසේ දරා\nඅත්වැල් බැඳන් යමු ජීවිතේ\nඒ කී වදන් බොල් හීනෙකී\nපාසැල් සමේ    අ‍පි දෙන්නගේ\nනම් කුරුටු ගෑ  කඩදාසි ඒ\nගිණි අවුළුවා නටබුන් පෙමින්\nඅපි වෙන්වෙමු  දෛවේ ලෙසින්\n
නන්දනීය පෙම,['නව පොප්'],['සේනානායක වේරලියද්ද'],['නන්ද උඩවත්ත'],['සිරිල් පෙරේරා'],1253,මන්ද මේ මුසා බසකට ඔබ මුලාවෙලා,ඇයි ඔබ රැවටුනේ,නන්දනීය පෙම සැඩරළු දියඹ වෙස් වලා\nනින්ද පාවෙලා නෙතදර නුඹ හරස් වෙලා\nකෙන්ද කන්ද වී ලෝකයෙ නෙත විවර වෙලා\nඅන්ද මන්ද වී සිත්මල් තැලී පොඩි වෙලා\nබැන්ද පෙම් රැහැන් එකිනෙක ලිහී ගිලිහිලා\nමන්ද මේ මුසා බසකට ඔබ මුලාවෙලා\nමන්ද මේ මුසා බසකට ඔබ මුලාවෙලා\nලන්ද වන පෙතේ කෝකිල ගැයුම ‍ගොළුවෙලා\nමන්දහාසයෙන් පිපි මුව මඩල මැලවිලා...\nදැන්ද සුව ගෙනේ විදි සුව හදට ලංවෙලා\nසුන්දරයි කියා පැතු හැම දෙයම සුන්වෙලා\nසුන්දරයි කියා පැතු හැම දෙයම සුන්වෙලා\n
මීන නුවන් යුග,"['නව පොප්', 'ඉල්ලීම']",['සේනානායක වේරලියද්ද'],['කපිල කුමාර කාලිංග'],['සේනානායක වේරලියද්ද'],4061,බොඳ වී යයි මුදු වදන් මෙදා,මිහිරි වචන දැන් ඇසෙන්නේ නැත,මීන නුවන් යුග කඳුළු සදාගෙන\nදුරු කතරේ තනි වූ යුවතී\nනිදි නැති රෑ   සුසුමන් පවනේ\nගැයු ගී මී බඳුනේ රැඳුනේ\nගැයු ගී මී බඳුනේ රැඳුනේ\nබාලේ ඉඳන් පෙම් සිතුවම් ඇඳි\nඅද වෙන්වී නුඹ හිම පියසේ\nකාල වලා නැග එන්නා නබෝ ගැබ\nබොඳ වී යයි මුදු වදන් මෙදා\nබොඳ වී යයි මුදු වදන් මෙදා\nසීත රටේ තනි මලට ලොබින්\nඈත ඉඳන් ආ බමරින්දූ\nදෑසේ වෙළී සැඟවෙන්න වගෙයි අද\nමාලවිකා මා බාල ලියේ\nමාලවිකා මා බාල ලියේ\n
මුදු මුහුණේ,['නව පොප්'],"['දීපිකා ප්\u200dරියදර්ශනී', 'කරුණාරත්න දිවුල්ගනේ']",['මහින්ද දිසානායක'],['ගුණදාස කපුගේ'],2427,හිමි සඳුනේ මගේ විතරද,ඔයා අයිති මට විතරද,මුදු මුහුණේ සුව දැණුනේ\nපිය ළඳුනේ මට විතරද\nඔබේ සුසුමේ සුව දැණුනේ\nහිමි සඳුනේ මට විතරද\nපුළුලුකුලේ සුව යහනේ\nනිදි වැරුවේ මං විතරද\nඋර තලයේ හිස රන්දා\nසුව වින්දේ මම විතරද\nඉඟ නෙරියේ රැළි බින්දේ\nපිය ළඳුනේ මං විතරද\nඉඟ නෙරියේ රැලි සැදුවේ\nහිමි සඳුනේ මගේ විතරද\n
මේ රාග තාල,"['කණ්ඩායම් ගීත', 'නව පොප්', 'ඉල්ලීම']",['සංගීත් විජේසූරිය'],['නිල් සෙවනැලි'],['නිල් සෙවනැලි'],2202,ඔය රැවුම් ගෙරුම් අපිට හොදට හුරුයි,ඒ චෝදනා අපිට හොඳට හුරුයි,මේ රාග තාල අපි ගයන්නෙ ඉගෙන ගෙනයි ළමයෝ\nමේ අපිත් එක්ක එකතු වෙලා ගයමු ගීත ළමයෝ\nසරිගරිස නිසධ සපග ගපග රිසරි නිපධ ගරිස\nඅ අ ආ අ අ අ අ අ ආ අ අ අ ආ\nරාග තාල අපිත් දන්නවා දන්නා ටික හොදට කියනවා\nඑතෙර ගීත මෙතෙර ගීත රාගධාරි සංගීතය\nටික ටික අපි ඉගෙන ගන්නවා\nසහතික පිටපත් ලොකු නාමාවලි\nසහතික පිටපත් නාමාවලි ඒවායින් අපිට වැඩක් නෑ\nහිතා මතා කතා ගොතා බොරු කේලම් කියෙව්වාට\nබේද බින්න කරන්නන බැහැනේ\nඔය රැවුම් ගෙරුම් අපිට හොදට හුරුයි\nඔය රැවුම් ගෙරුම් හොදට හුරුයි\nබියගුළු කම හෙලා දකිනවා\n
නළල වියලවා විගසින්,['නව පොප්'],['සේනානායක වේරලියද්ද'],['නුවන් කුමාර කටුගම්පොල'],['සේනානායක වේරලියද්ද'],829,බක් මහේ නැවුම් සඳවත,ප්රසන්න කාන්තාවක්,නළල වියලවා විගසින් තිලකයක් තියා අළුතින්\nදොරකඩට ඇවිත් හිටගෙන හිනාවෙන නමුත්\nතවම කෙහෙ රැළින් දිය වෑහෙනවා රාජිනී\nලපටි සුදු මිරිස් මල් දිලිහෙනව රාජිනී\nදිලිහෙනව රාජිනී දිලිහෙනව රාජිනී\nදෙවොල් මළුවේ සුදු වැලි කැට පුරුද්දට වගේ ගැන ගැන\nසීනු හඬට කන් දෙන විට\nපිරුණු හිත මුවින් උතුරන අපූරුව මැවේ\nරාස්සිගේ අව් කෙඳි ටික නාගදීපයට එපිටින්\nමුහුදේ ගිලෙන විට සිහිලයි නොවේද රාජිනී\nනොවේද රාජිනී  නොවේද රාජිනී\nමඟ වසන වලා තිරපට ඉරාගෙන උජාරුවකින්\nබක් මහේ නැවුම් සඳවත\nපෙරඹරින් නැගී එන හැඩ වියැක යන සේ\nකතා කරන ඇස් වහගෙන අගය පෙන්වනා විටදිත්\nනුඹ තරම් සොඳුරු කවියක් නැහැනේ රාජිනී\nනැහැනේ රාජිනී  නැහැනේ රාජිනී\n
මිණි මිණි පොද,['නව පොප්'],['එඩ්වඩ් ජයකොඩි'],"['රත්න', 'රත්න ශ්\u200dරී විජේසිංහ']",['කරුණාරත්න විජේවර්ධන'],1834,බිම් කළුවර ඈතින් ඉරෙන්නට කලින්,හෙට ආරම්භ වීමට පෙර,මිණි මිණි පොද වැටේ මල් මිණි දැදිරි වේවි\nඔබ එනවා නම්\nදේදුනු පාලම උඩ හැන්දෑවේ\nමම ඉන්නම්....\nලා සඳ පළුව ඇවිත් නිල් දිය මුදුනින්\nරන් තරු මාල බැදන් රන් වන් අහසින්\nඅද හොදම දවස  අද හොදම දවස\nඔබ එනවා නම්....\nබිම් කළුවර ඈතින් ඉරෙන්නට කලින්\nසුදු මීදුමේ සුසුම් නැගෙන්නට කලින්\nඅද හොදම දවස  අද හොදම දවස\nඔබ එනවා නම්....\n
මේ තරම් සියුමැලිද,['නව පොප්'],['සුනිල් එදිරිසිංහ'],['රවී වසන්ත වෙල්ගම'],['දර්ශන රුවන් දිසානායක'],4214,මම ගියා අවුකන බුදුන්ටත් දෑස් දුන් මිනිසා සොයා,මම ගියා අවුකන බුදුන් නිර්මාණය කරපු කෙනාව බලන්න,මේ තරම් සියුමැලිද කළු ගල්\nහිතන්නටවත් බැරි නිසා\nමම ගියා අවුකන බුදුන්ටත්\nදෑස් දුන් මිනිසා සොයා\nදෑස් දුන් මිනිසා සොයා\nකලා වැව ලඟ ඉලුක් හෙවනක\nමැටි පිලක පැදුරක් එලා\nරිදුම් පිරිමදිමින් බලයි ඔහු\nමැරෙන ඉපදෙන රළ දිහා\nමැරෙන ඉපදෙන රළ දිහා\nඉසුරුමුණියේ නුඹ තැනූ\nපෙම්බරිය කොතැනද කියා\nමා ඇසූ විට හිනැහුණා ඔහු\nතවම තනිකඩයැයි කියා\nතවම තනිකඩයැයි කියා\n
මුතු කැට වැටෙනා,['නව පොප්'],['රූකාන්ත ගුණතිලක'],['මහින්ද කේ ප්\u200dරේමසිරි'],['සරත් වික්\u200dරම'],978,විල්ලුද රන්පට තෙමනු එපා,අඬන්න එපා,මුතු කැට වැටෙනා පෝරුව අබියස\nමනමාලියනේ……………. හඩනු එපා\nරන්කෙන්ඩිය සෙත් පැන් විසිරීදා\nවිල්ලුද රන්පට තෙමනු එපා\nරන් පලසේ මිනි කැන් වැස්සේ\nමංගල මදුසමයේ  රෑ.........\nමුහුණු වසාගෙන කදුලු සලන්නට එපා\nකිසි දිනෙක යෙහෙලියේ\nරෑ යහනේ නිදි පෙම් සිහිනේ\nමංගල මදුසමයේ  රෑ.........\nඈත බලාගෙන කදුලු සලන්නට එපා\nකිසි දිනෙක යෙහෙලියේ\n
මේ ප්‍රථම වසන්තයයි,['නව පොප්'],['සනත් නන්දසිරි'],['කුලරත්න ආරියවංශ'],['රෝහණ වීරසිංහ'],1574,ඔබ සුපුන් සඳක් සේ පායා,ඔබ ප්රසන්නයි,මේ……ප්‍රථම වසන්තයයි\nදිවි අරණේ මධු මල් පිපෙනා\nබිඟු රැව් නැගෙනා\nමේ……ප්‍රථම වසන්තයයි\nතරු මැවෙන තුරා නිදිබර අඹරේ\nසඳු නැගෙන තුරා සිටියදි අඳුරේ\nඔබ සුපුන් සඳක් සේ පායා\nපහන් රැයක් වී ආවේ\nසිත පවස දරා මිරිඟුව අතරේ\nදිය පහස පතා සිටියදි කතරේ\nඔබ සිහිල් දොළක් සේ පාවී\nවසන්තයක් වී ආවේ\n
මාල ගිරවියේ,['නව පොප්'],['කරුණාරත්න දිවුල්ගනේ'],['රත්න ශ්\u200dරී විජේසිංහ'],['එච්.එම්.ජයවර්ධන'],2768,අපෙ නැති බැරිකම් ඒ තරමට අමිහිරිදැයි අසාවි,අපි දුප්පත්ද කියා ඔවුන් අසයි,මාල ගිරවියේ ... මාල ගිරවියේ\nමට නුඹත් එක්ක අපේ ගමට පියාඹන්න ආසයි\nමං දන්න කියන ගහකොල මල් පෙන්නන්නට ආසයි\nමාල ගිරවියේ... මාල ගිරවියේ\nදුර නෑයො පවා ගේ දොරකඩ එකතුවෙලා හිදිවි\nනුඹේ මාලෙ හැබෑ රත්තරන්ද අත ගලා බලාවි\nමේ සේද ඇදුම් ඉල්ල ගත්තේ කාගෙන්දැයි අසාවි\nමගෙ උර තලයේ හිස තියාන හෙමිහිට ඉකි බිදිවි\nඅපෙ නැති බැරිකම් ඒ තරමට අමිහිරිදැයි අසාවි\nඒනිසා තවත් ටික දවසක් ඉවසමු අපි කුමාරි\n
මල් වියනින් බැදි,['නව පොප්'],['සේනානායක වේරලියද්ද'],['ශාන්ත දේශබන්දු'],['සේනානායක වේරලියද්ද'],1474,මහතුන් වෙනවාට වැඩිය හොදායි මට බැද්දේ බතාක් කර හිටියානම්,මම ගොවියෙක් වෙන්න කැමතියි,මල් වියනින් බැදි මහ බැද්දේ උන්\nඅකුරු කරන්නට නුවරට ගිය මන්\nනුවර පිරීලා එරමිණි කටු වැල්\nආයෙත් බැද්දට එනවා මන්\nතෙන් තෙදිනන් තෙදිනන් තෙදිනන් තෙදිනන් තෙදිනානේ\nතෙදිනන් තෙදිනන් තෙදිනන් තෙදිනන් තෙදිනානේ. හොයි\nමල් පැනි මෝරන කාලෙට බැද්දේ\nගී පද ගොතලා තාලෙට කීවේ\nසොර බොර වැව ලග කොමලිගේ කෝමල\nනුවර කොහේවත් තිබුනා නම්\nමහතුන් වෙනවාට වැඩිය හොදායි මට\nබැද්දේ බතාක් කර හිටියානම්\nමල් පට ඇරුනම කුරුලු මිටේ ගැර\nආයෙත් බැද්දට එනවා ම්ං\n
මතකයන් ඔබේ,"['වත්මන් ගීත', 'නව පොප්']",['චාමර වීරසිංහ'],['ධනංජය නවරත්න'],['ධනංජය නවරත්න'],870,ඉනු කදුලෑලි ගලා යන්න යන තුරෑ වත් මට,මගේ දුක නැතිවෙනකම්,මතකයන් ඔබේ සිතේ තබාගෙන\nදුක් විදිනා මම ඔබගේ පළමු පෙම්වතා\nසුවද පොදට පවා ඔබෙ පෙම් කරනා\nඅදටත් මම ඔබෙගේ පලමු පෙම්වතා\nසිනා සෙන්න නොහෑකී නම් මට හඩන්නට\nඔබ ලගමයි හෑමදාමත් කෑමති ඉන්නට\nඉනු කදුලෑලි ගලා යන්න යන තුරෑ වත් මට\nඉඩ දෙන්නකෝ ඔබගේ ලගම ඉන්නට\nසරසවන්න ජීවිතය මට හෑමදාට\nඔබෙ හදින් මා ලෑබුවේ කුළුදුල් පෙම\nජිවිතයම වරදාලා ගියමුත් පවට\nවෙනසක් නෑ ආදරයේ මම තව ඔබට\n
මලට රේණු සේ,['නව පොප්'],['නන්දා මාලනී'],['දිනුක් කුමාර'],['අනුරාධ අබේසිංහ'],3318,මලට රේණු සේ ඔබ ලග ඉන්නම්,පොරොන්දුව හෝ සහයෝගය සහ කැපවීම ප්රකාශ කිරීම,මලට රේණු සේ ඔබ ලග ඉන්නම්\nසදට තරුව සේ තනිය මකන්නම්\nනෙතට කදුල සේ නෙත ලග ඉන්නම්\nමියෙන තුරා ආදරෙයි කියන්නම්\nසිනා පිරුණු මුව නිරන්තරේ පෙනේවි නම්\nආල කතන්දර හොර රහසේ කියාවිනම්\nඔබේ තුරුල්ලේ උණුසුම් සුව ලැබේවි නම්\nමියෙන තුරා ආදරෙයි කියන්නම්\nපාළුව මකනා කවියක් සේ ඇසේවි නම්\nමා සවනේ රැවු දිදී රැදී ඉදිවි නම්\nඔබ කිසිදා මා සිත නොතලා රැදේවි නම්\nමියෙන තුරා ආදරෙයි කියන්නම්\n
මංගල නැකතින් යන්නට,['නව පොප්'],['චන්ද්\u200dරලේඛා පෙරේරා'],['නොදන්නා'],['නොදන්නා'],1725,අපේ සෙවණ හැර අපට නොරිදවා,අපිව දාලා යනවා,මංගල නැකතින් යන්නට\nසුබ වෙලාව ළං විය දියණී\nඅපේ සෙවණ හැර අපට නොරිදවා\nඔබ අපගෙන් සමු ගන්නේ\nසුබ ගමනක් වේවා සුදු දුව සුබ ගමනක් වේවා\nමමත් ඔබ වගේ මංගල නැකතින් යන්න\nමව්පිය නොරිදා ආ වග සිහියට ගන්න\nදෙවියෙකු වැනි විය ඔහු මට හැම සැප දුන්න\nමටත් වගේ එය ඔබටත් හිමි වන්න\nසුබ ගමනක් වේවා සුදු දුව සුබ ගමනක් වේවා\nමගේ සුසුම ලෙස ඔබේ සුසුම මට හැඟුණේ\nමගේ සුවඳ ලෙස ඔබෙ සුවඳයි මට දැනුණේ\nඔබෙ රුවමයි මේ නිවසේ හැමතැන පෙනුණේ\nනොනිමෙයි සුදු දුව මේ සෙනෙහස සසරේ..\nසුබ ගමනක් වේවා සුදු දුව සුබ ගමනක් වේවා\n
මල් මාලතී ලතා,['නව පොප්'],['එඩ්වඩ් ජයකොඩි'],['සමන් සී වීරසිංහ'],['සරත් ද අල්විස්'],1431,මේ පාළු රාත්‍රියේ නොපිපී බලා හිඳී,පාළු රාත්‍රියේ පිපෙන්නේ නැත,මල් මාලතී ලතා …….අඳුරේ මිලාන වී\nමේ පාළු රාත්‍රියේ නොපිපී බලා හිඳී\nමල් මාලතී ලතා\nහැඬූ සිතේ විඩා නිවා ඇදේ මාරුතේ\nහැපී බිඳෙන ප්‍රේමයේ සෝ සුසුම් ලෙසේ\nකිසිදාක නොමැත ආදරේට ලැබී ආදරේ....\nගැලූ සිනා ගඟේ ගිලී ගියෙද ආදරේ\nහඬා වැටේ ප්‍රාර්ථනා පෙම් උයන් තෙරේ\nකවදාක සුවද යලි දැනේද  නැවුම් ස්නේහයේ..\n
මම කඳුළු බිංදුවක්,['නව පොප්'],['දීපිකා ප්\u200dරියදර්ශනී'],['රත්න ශ්\u200dරී විජේසිංහ'],['රෝහණ වීරසිංහ'],1693,ඒ කඳුළු බිඳක නමක් ගමක් ලියා තියෙනවද,කඳුළු හරහා බලවත් හැඟීම් සහ අත්දැකීම් ලබා දීම,මම කඳුළු බිංදුවක්\nසීතලට දැනෙන සිත රිදවන කඳුළු බිංදුවක්\nමම කඳුළු බිංදුවක්\nදරු සෙනේහයෙන් මවක නෙතින් ගලා හැලුණ\nප්‍රිය වියෝගයෙන් විරහිනියක ඇසින් මිදුන\nඒ කඳුළු බිඳක නමක් ගමක් ලියා තියෙනවද\nරළු පරළු කුරිරු හදක් වෙඬරු වී වැගිරෙන\nගිනි ගැණුනු පෑල මල් දෙකොපුල රෑරා එන\nමට එකතු වෙන්න ඔබේ ඇසෙත් කඳුළු තියෙනවද\n
මල් සිනා සලන්න,['නව පොප්'],['ආත්මා ලියනගේ'],['නොදන්නා'],['නොදන්නා'],1829,මල් සිනා සලන්න මල් සිනා,ලස්සනට හිනා වෙන්න,මල් සිනා සලන්න මල් සිනා\nතාරුකා දිලෙයි ඈත පායලා\nආදරෙන්  ආදරෙන් බලන්න මා දිහා\nමල් පිපී පිපී රඟන්නෙ සිත් ලෙසේ  සුළඟේ වෙළී\nලස්සනයි මලේ සැලේ නිසන්සලේ රෝස මල් වනේ\nඉන්න එක්වෙලා නොයන්න වෙන් වෙලා පියාසලා\nආදරෙයි කියා කියන්න ළං වෙලා    සිනාසලා\n
මගේ පෙම්ලොව සිහසුන්,"['නව පොප්', 'ඉල්ලීම']",['කරුණාරත්න දිවුල්ගනේ'],['රනිල් ජයසේන'],['එච්.එම්.ජයවර්ධන'],2413,සිහින උයනේ කරමින් සක්මන්,මම ඔබව සිහිනෙන් දකිමි,මගේ පෙම්ලොව සිහසුන් අරා සිටි\nකුමරියේ ඔබ කලත් අභිනික්මන්\nසිහින උයනේ කරමින් සක්මන්\nකරනු ඇයි තව මා සිතේ හොල්මන්\nගසක සෙවනක පවන් රැල්ලක\nසිහල බව රැඳි ඔබේ සෙනෙහස\nහද නිදන් කල මතකයේ සටහන්\nවගෙයි උදුනක ඇවිලෙනා ගිනිදැල්\nසුලඟෙ සෙලවෙන පහන් රැල්ලක\nඅතිර බව රැඳි ඔබේ ප්‍රේමය\nහිත නිදන් කල මතකයේ සටහන්\nවගෙයි ගල් මත ඇඳුනු බිතු සිතුවම්\n
මගේ ජීවිතේ පුරා,['නව පොප්'],['සේනානායක වේරලියද්ද'],['ශාන්ත දේශබන්දු'],['සේනානායක වේරලියද්ද'],1647,කෙලෙස හෝ වේදනාවෝ සඟවා තබා ගමි,වේදනාව නොපෙන්වයි,මගේ ජීවිතේ පුරා... එකම සිතින් ප්‍රාර්ථනා..\nමගේ ජීවිතේ පුරා එකම සිතින් ප්‍රාර්ථනා\nකෙලෙස හෝ වේදනාවෝ\nසඟවා තබා ගමි  සඟවා තබා ගමි\nසඳ සෙවනේ අපි තරු ගැනලා\nඒ තරමට පැතුමන් පුරලා\nකවදාවත් නෑ තරහ වෙලා\nඅද නෑ..... .. අද නෑ තාරකාවී..\nඅඳුරෙන් වැසී ගියේ අඳුරෙන් වැසී ගියේ.\nසුදු වැලි යට අද සැතපීලා\nඝන අඳුරින් ලෝකය වැසිලා..\nඉවසා ගන්නේ කෙලෙසද මා\nයළි නෑ…….      යළි නෑ ආයෙ එන්නේ..\nවෙනදා වගේ සදා වෙනදා වගේ සදා\nමගේ ජීවිතේ පුරා... එකම සිතින් ප්‍රාර්ථනා..\n
නෙක උයන්,"['යුගල', 'නව පොප්']","['අමරසිරි පීරිස්', 'ප්\u200dරදීපා ධර්මදාස']",['කපිල කුමාර කාලිංග'],['රෝහණ වීරසිංහ'],1382,සොඳුර මේ අප පැතුම් සුපිපෙනා,අපේ පැතුම් ඉටු වෙනවා,නෙක උයන් වතු මැදින්\nහමා යයි නව මන්ද මාරුතේ\nසොඳුර මේ අප පැතුම් සුපිපෙනා\nහිතමිතුරු වූ වසත් කාලයයි\nසිතුවමින් මතුව ආ සුසුම් රැල්\nබොඳ මලක් මත වැටී බොඳව යයි\nසිහිනයක් අවදි වී පිය නගයි\nඅඬ අඳුරු සීත කඳු මාවතේ\nනොම තැවෙන් රාත්‍රිය දිගු විනැයි\nහෙට දවස මීවිතක් සේ දිසෙයි\nනිදැල්ලේ ගලා ගිය ජීවිතේ\nනිම්නයක නතර වී ගිම් නිවයි\n
සේපාලිකා,['නව පොප්'],['කරුණාරත්න දිවුල්ගනේ'],['උබේනන්ද දිසානායක'],['සිරිල් පෙරේරා'],1899,දේදුන්න සේ ඈ මැකී වෙන්වෙලා,ඇය ගියා,පායා නැගී ඒවි රන් තාරාකා\nමා හා සිනාවෙන්නේ නෑ ආදරෙන්\nදේදුන්න සේ ඈ මැකී වෙන්වෙලා\nනාඩා ඉතින් ඉන්න සේපාලිකා\nසේපාලිකා…සේපාලිකා\nදෙනුවන් වැසී ඈත තරු නෙත් මැකී\nතනිව හඬනා ‍රැයේ හදට දී වේදනා\nඑක් වී ළඟින් ඉන්න ලංවී සිනාසෙන්න\nදුර ඈත සිට එන්න සේපාලිකා\nසේපාලිකා...සේපාලිකා\nරෑ මීදුමේ ගිලුණු තරුමල් ලෙසේ\nඔබේ නෙත් පහන් දැල්වුනේ හදට දී වේදනා\nකඳුල පිසලන්න සතුට තවරන්න\nසුළඟක් ලෙසින් එන්න සේපාලිකා\nසේපාලිකා..සේපාලිකා\n
පෙම් කවක් ලියූ,['නව පොප්'],['කරුණාරත්න දිවුල්ගනේ'],['සුරම්\u200dයා මාපිටිය'],['නන්දසේන කටුවල'],3501,නුඹ මෙතෙක් රැදී උන් මා මනසේ,ඔබාව නිතරම සිහිපත් කළා,"පෙම් කවක් ලියූ නුඹ සිත් අහසේ\nඑය මකා දමා ගිය හැටි රහසේ\nනුඹ මෙතෙක් රැදී උන් මා මනසේ\nපෙම් පුරාවතක්.., නිමා කරන්නද මා කෙලෙසේ\nනුඹ යන්නම යන්නම යනවානම්\nමට ඉන්න කියන්නට බැහැනෙ ඉතින්\nයලි එන්නනම එන්නම හිතුනේ නම්\nනුඹ එන්න එපා මගෙ හිත තහනම්\nහුරතලෙන් දැවටිලා මගේ ලඟින්\nදුන් සතුට එපමණද මට පවසම්\nසඳ එලිය පොළොවටයි හිමිවූයේ\nසඳ අහසෙ රැදුනාට රත්තරනේ\n"
පාට දේදුනු,['නව පොප්'],['සුනිල් එදිරිසිංහ'],['කුමාරදාස සපුතන්ත්\u200dරී'],['රෝහණ වීරසිංහ'],1445,පායා දුරින් ඇදී ඈ මෙන් පාවී නොයන් සඳේ,යන්න එපා,පාට දේදුනු සේදිලා ඈත කඳු යායේ\nසීත ‍රෑ සඳ පීදිලා\nනීල තරු යායේ නීල තරු යායේ\nඈ ලවන් තෙරේ සෝ ගී සුසුම් නැඟේ\nමීදුම් වලා ලෙසින් පාවී ඈතින් හැපී බිඳේ\nමා නුවන් දියේ පීනා නැගෙන් සඳේ\nපායා දුරින් ඇදී ඈ මෙන් පාවී නොයන් සඳේ\n
පාසල් බිමේ,['නව පොප්'],['අජිත් මුතුකුමාරණ'],['නොදන්නා'],['නොදන්නා'],1487,පාසල් බිමේ හමු වූ සුර කුමරියේ,ලස්සන ගැහැණු ළමයා,පාසල් බිමේ හමු වූ සුර කුමරියේ\nසිප් සතර සේ ඉඩ දෙන් මට ඔබෙ ළයේ\nසරසවි බිමේ මතුදා හමුවන දිනේ\nනෙත් ඔය ලෙසේ නා රින් මට මග ප්‍රියේ\nසටහන් පොතක් තුළ සැඟ වී හොරෙන්\nමට ඉන්න ආසයි ඔබෙ ළය ලගින්\nසුදු මුද ගවුමේ ඉඟ වට රැලි සේ\nදැවටෙන්න ආසයි ඔය බද වටින්\nපැනයන් රැසක් ලඟ පිළිතුරැ ලෙසින්\nපිටවෙන්න ආසයි ඔබෙ මුව තුළින්\nරතැගිළි අතරේ තෙලි තුඩ වි‍ලසේ\nසිප ගන්න ආසයි ඔය මුදු ළවන්\n
ඔය සුසුම් පවන්,"['වත්මන් ගීත', 'නව පොප්']",['චාමර වීරසිංහ'],['උපාලි බණ්ඩාර වීරසේකර'],['ප්\u200dරියන්ත නාවලගේ'],340,මිරිඟුවක් සොයා ගිහින් හිත ගිලන් උනා තමයි,රැවටීම හෝ නොමඟ යැවීම නිසා ඇති විය හැකි බලාපොරොත්තු සුන්වීම්,ඔය සුසුම් පවන් වැදී නෙතු පියන් සැලේ රිදී\nඔබ ගොළුයි සිතත් නිදි\nඔබව තාම මටද හිමි\nමිරිඟුවක් සොයා ගිහින් හිත ගිලන් උනා තමයි\nහිමි නැතැත් ඔයා ඉතින්\nමම තවත් ඔබේ ළඟයි\nඔය හිතින් පිදූ පෙමින් ඇත දහස් ගනන් පැතුම්\nඔබ ගියත් මගේ ළඟින්\nමගේ හිතත් යන්න අරන්\n
වෙස්සන්තර බිසෝ,['නව පොප්'],['නාමල් උඩුගම'],['ධර්මරත්න පෙරේරා'],['නාමල් උඩුගම'],2163,රන් පුන්සඳ වැනි බිසොවුන් රූ සිරි,ලස්සන රැජින,වෙස්සන්තර බිසෝ නුඹව දන් දෙන්න බෑ නාටකේ\nරූ සෝබා අලංකාරේ උන්මාද වේ ජීවිතේ\nරන් පුන්සඳ වැනි බිසොවුන් රූ සිරි\nනැතිදා පලක් වේද සිංහාසනේ\n
ඔබ තෙමෙයි,['නව පොප්'],['එඩ්වඩ් ජයකොඩි'],['සුනිල් ආරියරත්න'],['නොදන්නා'],730,කුඩයට ඔරොත්තු නොදෙයි සාරිය පිට මඩ ඉහෙයි,මහ වැස්ස නිසා සාරිය තෙත් වෙනවා,ඔබ තෙමෙයි කියා බයයි වැසි වසියි සුළං තදයි\nකුඩයට ඔරොත්තු නොදෙයි සාරිය පිට මඩ ඉහෙයි\nමුහුණට හිරිකඩ වැදෙයි සුදුමුදු මදහස මැකෙයි\nමුහුණට හිරිකඩ වැදෙයි සුදුමුදු මදහස මැකෙයි\nමිරිවැඩි තුල දිය පිරෙයි  පය ලිස්සා බිම වැටෙයි\nසලුපිළි සිරුරට ඇලෙයි  පිට මිනිස්සුන්ට පෙනෙයි\nසලුපිළි සිරුරට ඇලෙයි  පිට මිනිස්සුන්ට පෙනෙයි\nසඟවන්නෙමි ඔබ මගේ  දිව එන්නට මට සිතෙයි\n
ඔබ මා හමුවූ අවසන් දිනේ,['නව පොප්'],['කීර්ති පැස්කුවෙල්'],['නොදන්නා'],['නොදන්නා'],1137,ඔබ සොයා දුවන් එන්න මට නැතේ පිනේ,මට ඔයාව හොයාගන්න වාසනාවක් නෑ,ඔබ මා හමුවූ අවසන් දිනේ\nතාම මා සිතේ රැඳී තියේ\nකඳුලින් බොඳවූ දෙනුවන් ඔබේ\nආදරේක වේදනා දැනේ\nකොතරම් දවසක් මා ඉන්නදෝ\nමේ වගේ දුකක් සිතේ දරා\nසුළඟේ සැඟවී මා යන්නදෝ\nමාගේ ප්‍රියාවී සොයා\nමේ විසල් පුරේ ඉන්න රෑ ළඳුන් සොයා\nමාළඟින් රැඳී ඉන්න යාළුවන් ගියා\nමට හොරා වගේ මගේ සිත කොහේ ගියා\nමාව හැර දමා මසිත ඔබ සොයා ගියා\nඅඩ අඳුරේ සිත වැලපේ සිහිවී ඔබේ ආදරේ\nවාලුකා තලේ සීත දිය බිඳක් වගේ\nඈත සිතිජයේ ඔබේ රෑ මැවී පෙනේ\nමා සිතේ පූරා සුමුදු සිසිලසක් දැනේ\nඔබ සොයා දුවන් එන්න මට නැතේ පිනේ\nඅඩ අඳුරේ සිත වැලපේ සිහිවී ඔබේ ආදරේ\n
ඔබ ඇපල් මලක්,['නව පොප්'],['අමරසිරි පීරිස්'],['කැලුම් ශ්\u200dරීමාල්'],['සංගීත් වික්\u200dරමසිංහ'],2048,ඔබ ඇපල් මලක් වාගේ ලස්සන වසන්ත කාලේ,කෙනෙකුගේ සුන්දරත්වය අගය කිරීම,ඔබ ඇපල් මලක් වාගේ ලස්සන වසන්ත කාලේ\nමට හදිස්සියෙන් වාගේ හමුවූ\nපායන්න දෑස මානේ උණුහුමට ගින්දරී\nගෙනියන්න මාගෙ ගානේ මේ හිතම සුන්දරී\nදිගු දෑසේ බැල්ම ඔබගේ\nඇයි සොදුරු ඔය හැටී\nඔබ ඇපල් මලක් වාගේ ලස්සන වසන්ත කාලේ\nමට හදිස්සියෙන් වාගේ හමුවූ\nඇස් පියෙන් අදී කෑලි කැපෙන රළු රාත්‍රියේ\nකීරි ‍ගැහෙන සිත අනුහස අයදී ප්‍රේම‍යේ\nඑය පමණක් ශේෂය වී නම් පුර්වාත්මයේ\nඔබ ගැවසෙන මා සිත අවිනීතයි\nඅවනත නැති නෙතටද අවිවේකයි\nහුදකලාව අවනඩුවක් ගෑණු ළමයෝ\nඉටි රූපෙ අපූරුව විදින්න මං හරි ආසයි\nපින්තූරේ වගේ ඔබ හිනැහෙන කොට මට ලෝබයි\nඅහිතක් හිතන්නෙ නැති නම් මං හරි ආදරෙයි\nඔබ ගැවසෙන මා සිත අවිනීතයි\nඊයේ අද මෙන් හෙටත් එහෙම වෙයි\nහුදකලාව අවනඩුවක් ගෑණු ළමයෝ\n
නිල් තරු නෙතු,"['යුගල', 'නව පොප්']","['චන්ද්\u200dරලේඛා පෙරේරා', 'රූකාන්ත ගුණතිලක']",['ආනන්ද ප්\u200dරේමසිරි'],['රූකාන්ත ගුණතිලක'],1810,සිත සතුටේ කිමිදීලා ඔබ මා වෙත යාවීලා,ඔබ නිසා මම සතුටු වෙමි,නිල් තරු නෙතු හිනැහේ මේ සුන්දර රැයෙහි දිලී\nසිත සතුටේ කිමිදීලා ඔබ මා වෙත යාවීලා\nආදරේ මල් වරුසා ඇද හැලෙනා\nපෙම් සිතිවිලි පිබිදේ මේ මංගල රැයෙහි දිලී\nතරු රෑනක් පායාලා මල් යායක් පීදීලා\nආදරේ මල් වරුසා ඇද හැලෙනා\nමා හා ආ දා පෑහී ඒ මල් මාවතෙහි\nනෑ නෑ ආයේ සෝ ගී නෑසෙයි ජීවිතයේ\nමා හද ලෙන් දොර ආශාවෝ රැඳෙනා\nදෑතේ යාවී ආවේ මා ඔබ හා සුහදේ\nජාතී ජාතී පෑහී ආ ලෙස මේ සසරේ\nමා ඔබ මින් මතු වෙන්වීලා නොයනා\n
නුවර එළියෙ සිසිල්,"['නව පොප්', 'ඉල්ලීම']",['දමිත් අසංක'],['නොදන්නා'],['නොදන්නා'],1044,දුන්හිද දිය ඇල්ල වගේ මගෙ සිත ඇද වැටුනා,මගේ හදවත බිඳුණා,නුවර එළියෙ සිසිල් බවයි විටකදි හද මඩළ\nමහ වන්නියෙ වියළි බවයි විටකදි හද මඩළ\nකොළොම්පුරේ රුදුරු බවයි විටකදි හද මඩළ\nඅනුරපුරේ සමාධියයි විටකදි හද මඩළ\nගාළු කොටුවෙ බැම්ම වගේ රැකවරණය දුන්නා\nඋණවටුනේ වෙරළ වගේ සුන්දර බව මැව්වා\nහුම්මානේ වතුර වගේ   දුන් සෙනෙහස ගත්තා\nකතරගමේ දෙවිදුන්හට මගෙ දුක මම කිව්වා\nමහවැලි ගග බෙදුවා වගේ ඔබ මා වෙන් කෙරුවා\nදුන්හිද දිය ඇල්ල වගේ මගෙ සිත ඇද වැටුනා\nහුන්නස්ගිරි කන්ද වගේ  හුදෙකලාවෙ උන්නා\nඉසුරුමුණියෙ පෙම් යුවලට මගෙ දුක මම කිව්වා\n
ඔබ ඉන්නවනම්,['නව පොප්'],['අජිත් බණ්ඩාර'],['නොදන්නා'],['නොදන්නා'],1600,හිත තැවෙයි රෑ දවාලේ,හැම විටම පසුතැවෙනවා,ඔබ ඉන්නවනම් ඉන්න මා ළඟ\nනෑ පලක් දුර හිඳිමෙන්\nඔබ ආදරේ නම් ඒනන් ළඟටම\nනෑ දුකක් ළඟ හිදිමෙන්\nහිත තැවෙයි රෑ දවාලේ\nඇයි මෙහෙම දේස වාසේ\nතුන් සිතට වේදනා දී\nඔබ යාවි පාව පවී\nආදරය නෙත් හැගිමෙන්\nදුක නිවෙයි ළඟ හිඳීමෙන්\nඔබ යාවි පාව පවී\nඔබ සොයා ආ සිත ඉගිල්ලී\nඇස් දෙකම අන්ධ වුයේ\nනිම්නයේ නිල්ල සේදී\nආදරය නැවි නැවි\nදුක නිවෙන පෙම් සිනවෙන්\nසිත නිවෙයි දුක නැසීමෙන්\nඔබ යාවි පාව පවී\n
ඔබ ගාව මම ඉන්නෙමි,['නව පොප්'],['මිල්ටන් මල්ලවාරච්චි'],['රූකාන්ත ගුණතිලක'],['රූකාන්ත ගුණතිලක'],1960,මෙලෙසේ දිළෙන්නේ තරු සේ නිවෙන්නේ ඔබගේ සිනා දෑස නේදෝ,ඔබේ සිනහව නිසා මම සතුටු වෙමි,ඔබ ගාව මම ඉන්නෙමි  සුසුමන් වගේ යාවෙවී\nතනියේ තුරුල් වී මුමුණා සුපෙම් ගී රෑ සීතලේ ළං වෙවී\nතරුමල් කඩා දෙන්නෙමි\nමෙලෙසේ දිළෙන්නේ තරු සේ නිවෙන්නේ\nඔබගේ සිනා දෑස නේදෝ\nනොසැලී තියෙන්නේ සසැලී නොයන්නේ\nඔබගේ මගේ ස්නේහෙ නේදෝ\nසිත මාගෙ සනසන්නේ සරසන්නේ ඔබමයි ළඳේ\nවෙන කවුරුවත් මාගේ තුරුළේ නිදන් නෑ ළඳේ\nමතු ජීවිතේ දී මෙලොවින් තුරන් වී\nගුවනේ පියාඹන්න වේවි\nඅභ්‍යාවකාශේ ග්‍රහලෝක ගානේ\nමිතුරන් සොයා යන්න වේවි\nඒ කාලෙදිත් මා පතන්නේ ඔයාවයි ළඳේ\nදෙව් දූවරුන්ගෙන් අහන්නෙත් ඔයාවයි ළඳේ\n
ඔබ හීනයක් වගේ,['නව පොප්'],['දීපිකා ප්\u200dරියදර්ශනී'],['නොදන්නා'],['නොදන්නා'],2344,ඔබ හීනයක් වගේ,යමෙකුගේ ගුණාංග අගය කිරීම,ඔබ හීනයක් වගේ හාදු වැස්සක් අරන්\nසිරියහන අද්දරට වී වැතිරෙන්නෙපා සයනේ\nමම සස්වාමිකයි ස්වාමි...\nමල් මකරන්ද දෝතට අරන් නෙතේ කදුලැලි දරන්\nමම මඟ බලා සිටියා...\nනෙතු ඝණදුරට තරුවක් වෙලා ඔබ ‍එතැයි සිතා\nසිල් බිදලන්න නොහැකි නිසා මම මග බලා සිටියා\nනේක දුක් හද රැදුනා  සඳ එළිය නිවුනා\nඅඳුර මැද තනිවී පහන් දොරකට සවන් දොර හැරුනා\nතරු ඇසත් පිපුණා සඳ ලබන්නී මා\nසරා සඳ ලඟ මා\n
නුඹෙ සුවඳ පිරුණු,['නව පොප්'],['සනත් නන්දසිරි'],['ධර්මරත්න පෙරේරා'],['නිමල් ජයකොඩි'],3918,නුඹෙ සුවඳ පිරුණු පුංචි කාමරේ,ඔයාගේ කාමරය,නුඹෙ සුවඳ පිරුණු පුංචි කාමරේ\nරතු රෝස මලක පෙති හැලී තියේ\nමට නපුරු වුණේ ඇයි දයාවියේ\nමේ කඳුළු බිංදු ප්‍රථම ප්‍රේමයේ\nමගෙ සමරු පොතේ රෝස පිටු සොයා\nමුතු අකුරු පේළියක් ලියු ඔයා ..\nසිහිවටනයක් ලෙසින් තවත් තියේ\nසමනල පියාපතක් ද ජීවිතේ\nසිත දුරක ගියා ආදරේ සොයා\nමුතු කඳුළු බිංදුවක් ගලා ගියා\nසමු ගැන්ම වේදනාවකී ලොවේ\nමේ ඉන්ද්‍රචාපයක්ද ජීවිතේ\n
නිසල වෙලා හද,['නව පොප්'],['නාමල් උඩුගම'],['හේමසිරි හල්පිට'],['නාමල් උඩුගම'],2109,සසලව යයි සිත මැලවුණ ඔබේ වත,ඔබේ ජීවිතයේ අවසානය,නිසල වෙලා හද නොසැලී හසරැල්\nආදර රතදර යුගෙන් ඔ‍බේ\nසසලව යයි සිත මැලවුණ ඔබේ වත\nදෝවමි කදුලැල්ලකින් මගේ\nඔබ නැතිදා මේ ලොකේ\nතනිවේ මා………. දැවෙන සිතින්\nනෑ සිය මිතුරන් ඒ සැම හමුවේ\nසමුගෙන යන අවසන් ග‍මනේ\nනිහඩ මුවින් මාගේ පෙම්වතියේ\nඋහුලන්නද මේ දුක කෙලෙසේ\nමා සමගින් එක්ව මේ භවයේ\nඑක මග ආ ඔබ වෙන්වෙන්නේ\nනිහඩ මුවින් මාගේ පෙම්වතියේ\nඋහුලන්නද මේ දුක කෙලෙසේ\n
නැතිද මා කෙරේ,['නව පොප්'],['සේනානායක වේරලියද්ද'],['සජිත් වී චතුරංග'],['රදීශ් වැන්දබෝනා'],292,වැටෙනා කඳුලක් ගානේ ඔබවයි මට සිහිවන්නේ,මම දුකෙන් ඉන්නකොට මට ඔයාව මතක් වෙනවා,නැතිද මා කෙරේ අද ඔබගෙ ආදරේ..\nකඳුළු ඇස් දෙකේ තව අඩු නොවේ මගේ..\nඔය තරමට පෙම්කල කිසිවෙක් නොමැති මේ බවේ..\nවරද මගෙද රත්තරනේ කියනවද මගේ..\nවැටෙනා කඳුලක් ගානේ ඔබවයි මට සිහිවන්නේ\nවැටෙනා කඳුලක් ගානේ ඔබවයි මට සිහිවන්නේ\nවෙන්වී ඔබ ගිය වේලේනැතිද ඔබට දුක දැනුනේ\nඅතීතයම අද මාගේ සිහිනයක් වගේ\nසිහිනයක් වාගේ\nහෙලනා සුසුමක් මාගේ ඔබවයි තව විමසන්නේ\nහෙලනා සුසුමක් මාගේ ඔබවයි තව විමසන්නේ\nරිදවා සිත හැම වාරේ ඔබම නොවෙද බොරු කීවේ\nඅතීතයම අද මාගේ සිහිනයක් වගේ\nසිහිනයක් වාගේ\n
නෙතු දැහැන් බිඳී,['නව පොප්'],['එඩ්වඩ් ජයකොඩි'],['සරත් ආනන්ද'],['කලණි පෙරේරා'],5248,සුරඟනක් වගෙයි කුමරී,ලස්සන කාන්තාව,නෙතු දැහැන් බිඳී හද විමන් වදී\nසුරඟනක් වගෙයි කුමරී\nසෙනෙහසින් වැදී සිත ගිමන් නිවී\nපෙම් කවක් ලියයි මිහිරී\nඝණදුරෙන් මිදී තරු ‍රැහැන් ඇදී\nසිහිනයෙන් වඩී කුමරී\nමීදුමෙන් ඇදී සිසිලසින් එතී\nනෙතු අගින් බලයි සොඳුරී\nහසඟනන් පිරී පෙති පියුම් ඇරී\nකළඹවයි විලේ වැතිරී\nසඳ කැලුම් රිදී තුරු අගින් මිදී\nනෙක දසුන් මවයි කිඳුරී\n
නිහඬ මාවතේ,['නව පොප්'],['රූකාන්ත ගුණතිලක'],['කපිල කුමාර කාලිංග'],['රූකාන්ත ගුණතිලක'],1706,නිහඬ මාවතේ පාළු නිවහනේ අවිහිංසක යුවතී,හුදකලා කරුණාවන්ත ගැහැණු ළමයෙක්,නිහඬ මාවතේ පාළු නිවහනේ\nඅවිහිං.සක යුවතී\nනොසිතූ ලෙස මගෙ මුලු දිවියම\nඔය රුව තුල සඟවා\nඑහි සිරගත කරවයි\nඅතීතයේ එක් විරාමයක වෙන්වී\nයළි සමුගන්නද මෙලෙසින් හමුවූයේ\nකිසි දින නොලැබෙන බව ඔබ දැන දැන\nදින දින ඇයි අමතන්නේ\nදින දින ඇයි හමුවන්නේ\nජීවිතයේ තව කඳුලක් වන්නටදෝ\nතහනම් පෙමකට මෙලෙසින් ලියැවෙන්නේ\nයුවතියෙ ඔබෙ මුදු වදන් අතර මා\nමුල් පෙම බොඳ වී යන්නේ\nමුල් පෙම ගිලිහී යන්නේ\n
